-- phpMyAdmin SQL Dump
-- version 5.2.0
-- https://www.phpmyadmin.net/
--
-- Máy chủ: 127.0.0.1
-- Thời gian đã tạo: Th2 23, 2024 lúc 02:22 PM
-- Phiên bản máy phục vụ: 10.4.27-MariaDB
-- Phiên bản PHP: 8.1.12

SET SQL_MODE = "NO_AUTO_VALUE_ON_ZERO";
START TRANSACTION;
SET time_zone = "+00:00";


/*!40101 SET @OLD_CHARACTER_SET_CLIENT=@@CHARACTER_SET_CLIENT */;
/*!40101 SET @OLD_CHARACTER_SET_RESULTS=@@CHARACTER_SET_RESULTS */;
/*!40101 SET @OLD_COLLATION_CONNECTION=@@COLLATION_CONNECTION */;
/*!40101 SET NAMES utf8mb4 */;

--
-- Cơ sở dữ liệu: `laravel_learning_khoa_pham`
--

-- --------------------------------------------------------

--
-- Cấu trúc bảng cho bảng `carts`
--

CREATE TABLE `carts` (
  `id` bigint(20) UNSIGNED NOT NULL,
  `customer_id` bigint(20) UNSIGNED NOT NULL,
  `product_id` bigint(20) UNSIGNED NOT NULL,
  `qty` int(11) NOT NULL,
  `price` int(11) NOT NULL,
  `created_at` timestamp NULL DEFAULT NULL,
  `updated_at` timestamp NULL DEFAULT NULL
) ENGINE=InnoDB DEFAULT CHARSET=utf8mb4 COLLATE=utf8mb4_unicode_ci;

--
-- Đang đổ dữ liệu cho bảng `carts`
--

INSERT INTO `carts` (`id`, `customer_id`, `product_id`, `qty`, `price`, `created_at`, `updated_at`) VALUES
(1, 1, 4, 1, 150000, NULL, NULL),
(2, 2, 5, 2, 190000, NULL, NULL),
(3, 3, 3, 1, 200000, NULL, NULL),
(4, 3, 29, 2, 160000, NULL, NULL),
(5, 4, 4, 1, 150000, NULL, NULL),
(6, 5, 4, 2, 150000, NULL, NULL),
(7, 6, 8, 2, 460000, NULL, NULL),
(8, 7, 8, 3, 460000, NULL, NULL),
(9, 8, 1, 1, 200000, NULL, NULL),
(10, 9, 1, 1, 200000, NULL, NULL),
(11, 10, 1, 1, 200000, NULL, NULL),
(12, 11, 4, 1, 150000, NULL, NULL),
(13, 11, 45, 2, 160000, NULL, NULL),
(14, 12, 5, 1, 190000, NULL, NULL),
(15, 13, 5, 1, 190000, NULL, NULL),
(16, 14, 3, 2, 200000, NULL, NULL),
(17, 14, 37, 2, 160000, NULL, NULL),
(18, 15, 39, 1, 460000, NULL, NULL),
(19, 15, 45, 1, 160000, NULL, NULL),
(20, 16, 9, 4, 340000, NULL, NULL),
(21, 16, 31, 4, 460000, NULL, NULL),
(22, 17, 4, 4, 150000, NULL, NULL);

-- --------------------------------------------------------

--
-- Cấu trúc bảng cho bảng `comments`
--

CREATE TABLE `comments` (
  `id` bigint(20) UNSIGNED NOT NULL,
  `product_id` bigint(20) UNSIGNED NOT NULL,
  `email` varchar(255) NOT NULL,
  `name` varchar(255) NOT NULL,
  `content` text NOT NULL,
  `created_at` timestamp NULL DEFAULT NULL,
  `updated_at` timestamp NULL DEFAULT NULL
) ENGINE=InnoDB DEFAULT CHARSET=utf8mb4 COLLATE=utf8mb4_unicode_ci;

--
-- Đang đổ dữ liệu cho bảng `comments`
--

INSERT INTO `comments` (`id`, `product_id`, `email`, `name`, `content`, `created_at`, `updated_at`) VALUES
(1, 4, 'minhte27@gmail.com', 'MInh Tề', 'Sản phẩm đúng với ảnh', '2024-01-26 09:30:08', '2024-01-26 09:30:08'),
(2, 4, 'cuong69pro@gmail.com', 'Cường', 'ALo lao 1234 test bình luận', '2024-01-26 09:30:47', '2024-01-26 09:30:47'),
(3, 4, 'khachhang1@gmail.com', 'Trịnh Mạnh Cường', 'haizz', '2024-01-26 09:32:27', '2024-01-26 09:32:27'),
(4, 4, 'cuong69pro@gmail.com', 'Cường', 'alo aloa frafa', '2024-01-26 09:35:36', '2024-01-26 09:35:36'),
(5, 4, 'cuong@gmail.com', 'Cường', 'alo asfafasfafasf', '2024-01-28 09:06:28', '2024-01-28 09:06:28'),
(6, 5, 'minhte27@gmail.com', 'MInh Tề', 'Áo đẹp', '2024-01-28 09:21:01', '2024-01-28 09:21:01'),
(7, 5, 'cuong69pro@gmail.com', 'Trịnh Mạnh Cường', 'hey hey', '2024-01-28 09:21:12', '2024-01-28 09:21:12'),
(8, 5, 'cuong@gmail.com', 'Cường', 'alo alo', '2024-01-28 09:21:22', '2024-01-28 09:21:22');

-- --------------------------------------------------------

--
-- Cấu trúc bảng cho bảng `customers`
--

CREATE TABLE `customers` (
  `id` bigint(20) UNSIGNED NOT NULL,
  `name` varchar(255) NOT NULL,
  `email` varchar(255) NOT NULL,
  `phone` varchar(255) NOT NULL,
  `address` varchar(255) NOT NULL,
  `content` text NOT NULL,
  `created_at` timestamp NULL DEFAULT NULL,
  `updated_at` timestamp NULL DEFAULT NULL
) ENGINE=InnoDB DEFAULT CHARSET=utf8mb4 COLLATE=utf8mb4_unicode_ci;

--
-- Đang đổ dữ liệu cho bảng `customers`
--

INSERT INTO `customers` (`id`, `name`, `email`, `phone`, `address`, `content`, `created_at`, `updated_at`) VALUES
(1, 'Trịnh Mạnh Cường', 'cuong69pro@gmail.com', '0961551260', 'Mạnh Tân - Thụy Lâm - Đông Anh - Hà Nội', 'Hàng giao nhanh', '2024-01-21 07:57:14', '2024-01-21 07:57:14'),
(2, 'MInh Tề', 'minhte27@gmail.com', '0966473425', 'Ngã 4 Nguyễn Văn Huyên - Nguyễn Khánh Toàn, Cầu Giấy, Hà Nội.', 'Đơn hàng giao nhanh', '2024-01-21 07:59:37', '2024-01-21 07:59:37'),
(3, 'Trịnh Mạnh Cường', 'cuong69pro@gmail.com', '0961551260', 'Mạnh Tân - Thụy Lâm - Đông Anh - Hà Nội', 'Đoan hànggadfaf', '2024-01-21 08:02:00', '2024-01-21 08:02:00'),
(4, 'MInh Tề', 'minhte27@gmail.com', '0902132323', 'Ngã 4 Nguyễn Văn Huyên - Nguyễn Khánh Toàn, Cầu Giấy, Hà Nội.', 'faafaf', '2024-01-22 08:54:47', '2024-01-22 08:54:47'),
(5, 'Hoàng Ngu', 'hoangngu123@gmail.com', '0964112546', '4/1 Đường Nguyễn Công Trứ, Phường Phúc La, Hà Đông, Hà Nội', 'ấgdsgfsdgsdg', '2024-01-22 08:57:31', '2024-01-22 08:57:31'),
(6, 'Hoàng Ngu', 'khachhang1@gmail.com', '0966473425', '4/1 Đường Nguyễn Công Trứ, Phường Phúc La, Hà Đông, Hà Nội', 'fafafas', '2024-01-22 09:01:58', '2024-01-22 09:01:58'),
(7, 'MInh Tề', 'minhte27@gmail.com', '0902132323', '4/1 Đường Nguyễn Công Trứ, Phường Phúc La, Hà Đông, Hà Nội', 'ấdfasd', '2024-01-22 09:06:34', '2024-01-22 09:06:34'),
(8, 'Trịnh Mạnh Cường', 'cuong69pro@gmail.com', '0961551260', 'Mạnh Tân - Thụy Lâm - Đông Anh - Hà Nội', 'hhyggg', '2024-01-25 07:39:13', '2024-01-25 07:39:13'),
(9, 'Trịnh Mạnh Cường', 'cuong69pro@gmail.com', '0961551260', 'Mạnh Tân - Thụy Lâm - Đông Anh - Hà Nội', 'hhyggg', '2024-01-25 07:39:40', '2024-01-25 07:39:40'),
(10, 'Trịnh Mạnh Cường', 'cuong69pro@gmail.com', '0961551260', 'Mạnh Tân - Thụy Lâm - Đông Anh - Hà Nội', 'hhyggg', '2024-01-25 07:39:54', '2024-01-25 07:39:54'),
(11, 'Trịnh Mạnh Cường', 'cuong69pro@gmail.com', '0961551260', 'Mạnh Tân - Thụy Lâm - Đông Anh - Hà Nội', 'Alo alo 1234', '2024-01-25 07:52:42', '2024-01-25 07:52:42'),
(12, 'Trịnh Mạnh Cường', 'cuong69pro@gmail.com', '0961551260', 'Mạnh Tân - Thụy Lâm - Đông Anh - Hà Nội', 'âfasfasf', '2024-01-25 08:13:11', '2024-01-25 08:13:11'),
(13, 'Trịnh Mạnh Cường', 'cuong69pro@gmail.com', '0961551260', 'Mạnh Tân - Thụy Lâm - Đông Anh - Hà Nội', 'fafasf', '2024-01-25 08:14:53', '2024-01-25 08:14:53'),
(14, 'MInh Tề', 'minhte27@gmail.com', '0902132323', '4/1 Đường Nguyễn Công Trứ, Phường Phúc La, Hà Đông, Hà Nội', 'fsafdfasdf', '2024-01-25 08:23:36', '2024-01-25 08:23:36'),
(15, 'MInh Tề', 'minhte27@gmail.com', '0977658436', '445/59/5 Tân Hoà Đông, Phường Bình Trị Đông, Quận Bình Tân', 'fdfsdf', '2024-01-25 08:26:20', '2024-01-25 08:26:20'),
(16, 'MInh Tề', 'minhte27@gmail.com', '0977658437', '18-Phố Viên-Bắc Từ Liên-Hà Nội', 'fafasfas', '2024-01-25 08:31:43', '2024-01-25 08:31:43'),
(17, 'MInh Tề', 'minhte27@gmail.com', '0977658436', 'Ngã 4 Nguyễn Văn Huyên - Nguyễn Khánh Toàn, Cầu Giấy, Hà Nội', 'cccvvvcdf', '2024-01-25 08:35:21', '2024-01-25 08:35:21');

-- --------------------------------------------------------

--
-- Cấu trúc bảng cho bảng `failed_jobs`
--

CREATE TABLE `failed_jobs` (
  `id` bigint(20) UNSIGNED NOT NULL,
  `uuid` varchar(255) NOT NULL,
  `connection` text NOT NULL,
  `queue` text NOT NULL,
  `payload` longtext NOT NULL,
  `exception` longtext NOT NULL,
  `failed_at` timestamp NOT NULL DEFAULT current_timestamp()
) ENGINE=InnoDB DEFAULT CHARSET=utf8mb4 COLLATE=utf8mb4_unicode_ci;

--
-- Đang đổ dữ liệu cho bảng `failed_jobs`
--

INSERT INTO `failed_jobs` (`id`, `uuid`, `connection`, `queue`, `payload`, `exception`, `failed_at`) VALUES
(1, '611961ac-a151-4887-97b1-3d5b35b90766', 'database', 'default', '{\"uuid\":\"611961ac-a151-4887-97b1-3d5b35b90766\",\"displayName\":\"App\\\\Jobs\\\\SendMail\",\"job\":\"Illuminate\\\\Queue\\\\CallQueuedHandler@call\",\"maxTries\":null,\"maxExceptions\":null,\"failOnTimeout\":false,\"backoff\":null,\"timeout\":null,\"retryUntil\":null,\"data\":{\"commandName\":\"App\\\\Jobs\\\\SendMail\",\"command\":\"O:17:\\\"App\\\\Jobs\\\\SendMail\\\":1:{s:5:\\\"delay\\\";O:25:\\\"Illuminate\\\\Support\\\\Carbon\\\":3:{s:4:\\\"date\\\";s:26:\\\"2024-01-22 15:54:52.185497\\\";s:13:\\\"timezone_type\\\";i:3;s:8:\\\"timezone\\\";s:3:\\\"UTC\\\";}}\"}}', 'ErrorException: Undefined property: App\\Jobs\\SendMail::$email in C:\\xampp\\htdocs\\shopbanhangkhoapham\\app\\Jobs\\SendMail.php:30\nStack trace:\n#0 C:\\xampp\\htdocs\\shopbanhangkhoapham\\vendor\\laravel\\framework\\src\\Illuminate\\Foundation\\Bootstrap\\HandleExceptions.php(254): Illuminate\\Foundation\\Bootstrap\\HandleExceptions->handleError(2, \'Undefined prope...\', \'C:\\\\xampp\\\\htdocs...\', 30)\n#1 C:\\xampp\\htdocs\\shopbanhangkhoapham\\app\\Jobs\\SendMail.php(30): Illuminate\\Foundation\\Bootstrap\\HandleExceptions->Illuminate\\Foundation\\Bootstrap\\{closure}(2, \'Undefined prope...\', \'C:\\\\xampp\\\\htdocs...\', 30)\n#2 C:\\xampp\\htdocs\\shopbanhangkhoapham\\vendor\\laravel\\framework\\src\\Illuminate\\Container\\BoundMethod.php(36): App\\Jobs\\SendMail->handle()\n#3 C:\\xampp\\htdocs\\shopbanhangkhoapham\\vendor\\laravel\\framework\\src\\Illuminate\\Container\\Util.php(41): Illuminate\\Container\\BoundMethod::Illuminate\\Container\\{closure}()\n#4 C:\\xampp\\htdocs\\shopbanhangkhoapham\\vendor\\laravel\\framework\\src\\Illuminate\\Container\\BoundMethod.php(93): Illuminate\\Container\\Util::unwrapIfClosure(Object(Closure))\n#5 C:\\xampp\\htdocs\\shopbanhangkhoapham\\vendor\\laravel\\framework\\src\\Illuminate\\Container\\BoundMethod.php(37): Illuminate\\Container\\BoundMethod::callBoundMethod(Object(Illuminate\\Foundation\\Application), Array, Object(Closure))\n#6 C:\\xampp\\htdocs\\shopbanhangkhoapham\\vendor\\laravel\\framework\\src\\Illuminate\\Container\\Container.php(662): Illuminate\\Container\\BoundMethod::call(Object(Illuminate\\Foundation\\Application), Array, Array, NULL)\n#7 C:\\xampp\\htdocs\\shopbanhangkhoapham\\vendor\\laravel\\framework\\src\\Illuminate\\Bus\\Dispatcher.php(128): Illuminate\\Container\\Container->call(Array)\n#8 C:\\xampp\\htdocs\\shopbanhangkhoapham\\vendor\\laravel\\framework\\src\\Illuminate\\Pipeline\\Pipeline.php(144): Illuminate\\Bus\\Dispatcher->Illuminate\\Bus\\{closure}(Object(App\\Jobs\\SendMail))\n#9 C:\\xampp\\htdocs\\shopbanhangkhoapham\\vendor\\laravel\\framework\\src\\Illuminate\\Pipeline\\Pipeline.php(119): Illuminate\\Pipeline\\Pipeline->Illuminate\\Pipeline\\{closure}(Object(App\\Jobs\\SendMail))\n#10 C:\\xampp\\htdocs\\shopbanhangkhoapham\\vendor\\laravel\\framework\\src\\Illuminate\\Bus\\Dispatcher.php(132): Illuminate\\Pipeline\\Pipeline->then(Object(Closure))\n#11 C:\\xampp\\htdocs\\shopbanhangkhoapham\\vendor\\laravel\\framework\\src\\Illuminate\\Queue\\CallQueuedHandler.php(124): Illuminate\\Bus\\Dispatcher->dispatchNow(Object(App\\Jobs\\SendMail), false)\n#12 C:\\xampp\\htdocs\\shopbanhangkhoapham\\vendor\\laravel\\framework\\src\\Illuminate\\Pipeline\\Pipeline.php(144): Illuminate\\Queue\\CallQueuedHandler->Illuminate\\Queue\\{closure}(Object(App\\Jobs\\SendMail))\n#13 C:\\xampp\\htdocs\\shopbanhangkhoapham\\vendor\\laravel\\framework\\src\\Illuminate\\Pipeline\\Pipeline.php(119): Illuminate\\Pipeline\\Pipeline->Illuminate\\Pipeline\\{closure}(Object(App\\Jobs\\SendMail))\n#14 C:\\xampp\\htdocs\\shopbanhangkhoapham\\vendor\\laravel\\framework\\src\\Illuminate\\Queue\\CallQueuedHandler.php(126): Illuminate\\Pipeline\\Pipeline->then(Object(Closure))\n#15 C:\\xampp\\htdocs\\shopbanhangkhoapham\\vendor\\laravel\\framework\\src\\Illuminate\\Queue\\CallQueuedHandler.php(70): Illuminate\\Queue\\CallQueuedHandler->dispatchThroughMiddleware(Object(Illuminate\\Queue\\Jobs\\DatabaseJob), Object(App\\Jobs\\SendMail))\n#16 C:\\xampp\\htdocs\\shopbanhangkhoapham\\vendor\\laravel\\framework\\src\\Illuminate\\Queue\\Jobs\\Job.php(102): Illuminate\\Queue\\CallQueuedHandler->call(Object(Illuminate\\Queue\\Jobs\\DatabaseJob), Array)\n#17 C:\\xampp\\htdocs\\shopbanhangkhoapham\\vendor\\laravel\\framework\\src\\Illuminate\\Queue\\Worker.php(439): Illuminate\\Queue\\Jobs\\Job->fire()\n#18 C:\\xampp\\htdocs\\shopbanhangkhoapham\\vendor\\laravel\\framework\\src\\Illuminate\\Queue\\Worker.php(389): Illuminate\\Queue\\Worker->process(\'database\', Object(Illuminate\\Queue\\Jobs\\DatabaseJob), Object(Illuminate\\Queue\\WorkerOptions))\n#19 C:\\xampp\\htdocs\\shopbanhangkhoapham\\vendor\\laravel\\framework\\src\\Illuminate\\Queue\\Worker.php(176): Illuminate\\Queue\\Worker->runJob(Object(Illuminate\\Queue\\Jobs\\DatabaseJob), \'database\', Object(Illuminate\\Queue\\WorkerOptions))\n#20 C:\\xampp\\htdocs\\shopbanhangkhoapham\\vendor\\laravel\\framework\\src\\Illuminate\\Queue\\Console\\WorkCommand.php(138): Illuminate\\Queue\\Worker->daemon(\'database\', \'default\', Object(Illuminate\\Queue\\WorkerOptions))\n#21 C:\\xampp\\htdocs\\shopbanhangkhoapham\\vendor\\laravel\\framework\\src\\Illuminate\\Queue\\Console\\WorkCommand.php(121): Illuminate\\Queue\\Console\\WorkCommand->runWorker(\'database\', \'default\')\n#22 C:\\xampp\\htdocs\\shopbanhangkhoapham\\vendor\\laravel\\framework\\src\\Illuminate\\Container\\BoundMethod.php(36): Illuminate\\Queue\\Console\\WorkCommand->handle()\n#23 C:\\xampp\\htdocs\\shopbanhangkhoapham\\vendor\\laravel\\framework\\src\\Illuminate\\Container\\Util.php(41): Illuminate\\Container\\BoundMethod::Illuminate\\Container\\{closure}()\n#24 C:\\xampp\\htdocs\\shopbanhangkhoapham\\vendor\\laravel\\framework\\src\\Illuminate\\Container\\BoundMethod.php(93): Illuminate\\Container\\Util::unwrapIfClosure(Object(Closure))\n#25 C:\\xampp\\htdocs\\shopbanhangkhoapham\\vendor\\laravel\\framework\\src\\Illuminate\\Container\\BoundMethod.php(37): Illuminate\\Container\\BoundMethod::callBoundMethod(Object(Illuminate\\Foundation\\Application), Array, Object(Closure))\n#26 C:\\xampp\\htdocs\\shopbanhangkhoapham\\vendor\\laravel\\framework\\src\\Illuminate\\Container\\Container.php(662): Illuminate\\Container\\BoundMethod::call(Object(Illuminate\\Foundation\\Application), Array, Array, NULL)\n#27 C:\\xampp\\htdocs\\shopbanhangkhoapham\\vendor\\laravel\\framework\\src\\Illuminate\\Console\\Command.php(211): Illuminate\\Container\\Container->call(Array)\n#28 C:\\xampp\\htdocs\\shopbanhangkhoapham\\vendor\\symfony\\console\\Command\\Command.php(326): Illuminate\\Console\\Command->execute(Object(Symfony\\Component\\Console\\Input\\ArgvInput), Object(Illuminate\\Console\\OutputStyle))\n#29 C:\\xampp\\htdocs\\shopbanhangkhoapham\\vendor\\laravel\\framework\\src\\Illuminate\\Console\\Command.php(181): Symfony\\Component\\Console\\Command\\Command->run(Object(Symfony\\Component\\Console\\Input\\ArgvInput), Object(Illuminate\\Console\\OutputStyle))\n#30 C:\\xampp\\htdocs\\shopbanhangkhoapham\\vendor\\symfony\\console\\Application.php(1096): Illuminate\\Console\\Command->run(Object(Symfony\\Component\\Console\\Input\\ArgvInput), Object(Symfony\\Component\\Console\\Output\\ConsoleOutput))\n#31 C:\\xampp\\htdocs\\shopbanhangkhoapham\\vendor\\symfony\\console\\Application.php(324): Symfony\\Component\\Console\\Application->doRunCommand(Object(Illuminate\\Queue\\Console\\WorkCommand), Object(Symfony\\Component\\Console\\Input\\ArgvInput), Object(Symfony\\Component\\Console\\Output\\ConsoleOutput))\n#32 C:\\xampp\\htdocs\\shopbanhangkhoapham\\vendor\\symfony\\console\\Application.php(175): Symfony\\Component\\Console\\Application->doRun(Object(Symfony\\Component\\Console\\Input\\ArgvInput), Object(Symfony\\Component\\Console\\Output\\ConsoleOutput))\n#33 C:\\xampp\\htdocs\\shopbanhangkhoapham\\vendor\\laravel\\framework\\src\\Illuminate\\Foundation\\Console\\Kernel.php(201): Symfony\\Component\\Console\\Application->run(Object(Symfony\\Component\\Console\\Input\\ArgvInput), Object(Symfony\\Component\\Console\\Output\\ConsoleOutput))\n#34 C:\\xampp\\htdocs\\shopbanhangkhoapham\\artisan(37): Illuminate\\Foundation\\Console\\Kernel->handle(Object(Symfony\\Component\\Console\\Input\\ArgvInput), Object(Symfony\\Component\\Console\\Output\\ConsoleOutput))\n#35 {main}', '2024-01-22 08:54:54'),
(2, '46504c23-329c-487c-ba13-4d89b410d9bb', 'database', 'default', '{\"uuid\":\"46504c23-329c-487c-ba13-4d89b410d9bb\",\"displayName\":\"App\\\\Jobs\\\\SendMail\",\"job\":\"Illuminate\\\\Queue\\\\CallQueuedHandler@call\",\"maxTries\":null,\"maxExceptions\":null,\"failOnTimeout\":false,\"backoff\":null,\"timeout\":null,\"retryUntil\":null,\"data\":{\"commandName\":\"App\\\\Jobs\\\\SendMail\",\"command\":\"O:17:\\\"App\\\\Jobs\\\\SendMail\\\":1:{s:5:\\\"delay\\\";O:25:\\\"Illuminate\\\\Support\\\\Carbon\\\":3:{s:4:\\\"date\\\";s:26:\\\"2024-01-22 15:57:36.085338\\\";s:13:\\\"timezone_type\\\";i:3;s:8:\\\"timezone\\\";s:3:\\\"UTC\\\";}}\"}}', 'ErrorException: Undefined property: App\\Jobs\\SendMail::$email in C:\\xampp\\htdocs\\shopbanhangkhoapham\\app\\Jobs\\SendMail.php:30\nStack trace:\n#0 C:\\xampp\\htdocs\\shopbanhangkhoapham\\vendor\\laravel\\framework\\src\\Illuminate\\Foundation\\Bootstrap\\HandleExceptions.php(254): Illuminate\\Foundation\\Bootstrap\\HandleExceptions->handleError(2, \'Undefined prope...\', \'C:\\\\xampp\\\\htdocs...\', 30)\n#1 C:\\xampp\\htdocs\\shopbanhangkhoapham\\app\\Jobs\\SendMail.php(30): Illuminate\\Foundation\\Bootstrap\\HandleExceptions->Illuminate\\Foundation\\Bootstrap\\{closure}(2, \'Undefined prope...\', \'C:\\\\xampp\\\\htdocs...\', 30)\n#2 C:\\xampp\\htdocs\\shopbanhangkhoapham\\vendor\\laravel\\framework\\src\\Illuminate\\Container\\BoundMethod.php(36): App\\Jobs\\SendMail->handle()\n#3 C:\\xampp\\htdocs\\shopbanhangkhoapham\\vendor\\laravel\\framework\\src\\Illuminate\\Container\\Util.php(41): Illuminate\\Container\\BoundMethod::Illuminate\\Container\\{closure}()\n#4 C:\\xampp\\htdocs\\shopbanhangkhoapham\\vendor\\laravel\\framework\\src\\Illuminate\\Container\\BoundMethod.php(93): Illuminate\\Container\\Util::unwrapIfClosure(Object(Closure))\n#5 C:\\xampp\\htdocs\\shopbanhangkhoapham\\vendor\\laravel\\framework\\src\\Illuminate\\Container\\BoundMethod.php(37): Illuminate\\Container\\BoundMethod::callBoundMethod(Object(Illuminate\\Foundation\\Application), Array, Object(Closure))\n#6 C:\\xampp\\htdocs\\shopbanhangkhoapham\\vendor\\laravel\\framework\\src\\Illuminate\\Container\\Container.php(662): Illuminate\\Container\\BoundMethod::call(Object(Illuminate\\Foundation\\Application), Array, Array, NULL)\n#7 C:\\xampp\\htdocs\\shopbanhangkhoapham\\vendor\\laravel\\framework\\src\\Illuminate\\Bus\\Dispatcher.php(128): Illuminate\\Container\\Container->call(Array)\n#8 C:\\xampp\\htdocs\\shopbanhangkhoapham\\vendor\\laravel\\framework\\src\\Illuminate\\Pipeline\\Pipeline.php(144): Illuminate\\Bus\\Dispatcher->Illuminate\\Bus\\{closure}(Object(App\\Jobs\\SendMail))\n#9 C:\\xampp\\htdocs\\shopbanhangkhoapham\\vendor\\laravel\\framework\\src\\Illuminate\\Pipeline\\Pipeline.php(119): Illuminate\\Pipeline\\Pipeline->Illuminate\\Pipeline\\{closure}(Object(App\\Jobs\\SendMail))\n#10 C:\\xampp\\htdocs\\shopbanhangkhoapham\\vendor\\laravel\\framework\\src\\Illuminate\\Bus\\Dispatcher.php(132): Illuminate\\Pipeline\\Pipeline->then(Object(Closure))\n#11 C:\\xampp\\htdocs\\shopbanhangkhoapham\\vendor\\laravel\\framework\\src\\Illuminate\\Queue\\CallQueuedHandler.php(124): Illuminate\\Bus\\Dispatcher->dispatchNow(Object(App\\Jobs\\SendMail), false)\n#12 C:\\xampp\\htdocs\\shopbanhangkhoapham\\vendor\\laravel\\framework\\src\\Illuminate\\Pipeline\\Pipeline.php(144): Illuminate\\Queue\\CallQueuedHandler->Illuminate\\Queue\\{closure}(Object(App\\Jobs\\SendMail))\n#13 C:\\xampp\\htdocs\\shopbanhangkhoapham\\vendor\\laravel\\framework\\src\\Illuminate\\Pipeline\\Pipeline.php(119): Illuminate\\Pipeline\\Pipeline->Illuminate\\Pipeline\\{closure}(Object(App\\Jobs\\SendMail))\n#14 C:\\xampp\\htdocs\\shopbanhangkhoapham\\vendor\\laravel\\framework\\src\\Illuminate\\Queue\\CallQueuedHandler.php(126): Illuminate\\Pipeline\\Pipeline->then(Object(Closure))\n#15 C:\\xampp\\htdocs\\shopbanhangkhoapham\\vendor\\laravel\\framework\\src\\Illuminate\\Queue\\CallQueuedHandler.php(70): Illuminate\\Queue\\CallQueuedHandler->dispatchThroughMiddleware(Object(Illuminate\\Queue\\Jobs\\DatabaseJob), Object(App\\Jobs\\SendMail))\n#16 C:\\xampp\\htdocs\\shopbanhangkhoapham\\vendor\\laravel\\framework\\src\\Illuminate\\Queue\\Jobs\\Job.php(102): Illuminate\\Queue\\CallQueuedHandler->call(Object(Illuminate\\Queue\\Jobs\\DatabaseJob), Array)\n#17 C:\\xampp\\htdocs\\shopbanhangkhoapham\\vendor\\laravel\\framework\\src\\Illuminate\\Queue\\Worker.php(439): Illuminate\\Queue\\Jobs\\Job->fire()\n#18 C:\\xampp\\htdocs\\shopbanhangkhoapham\\vendor\\laravel\\framework\\src\\Illuminate\\Queue\\Worker.php(389): Illuminate\\Queue\\Worker->process(\'database\', Object(Illuminate\\Queue\\Jobs\\DatabaseJob), Object(Illuminate\\Queue\\WorkerOptions))\n#19 C:\\xampp\\htdocs\\shopbanhangkhoapham\\vendor\\laravel\\framework\\src\\Illuminate\\Queue\\Worker.php(176): Illuminate\\Queue\\Worker->runJob(Object(Illuminate\\Queue\\Jobs\\DatabaseJob), \'database\', Object(Illuminate\\Queue\\WorkerOptions))\n#20 C:\\xampp\\htdocs\\shopbanhangkhoapham\\vendor\\laravel\\framework\\src\\Illuminate\\Queue\\Console\\WorkCommand.php(138): Illuminate\\Queue\\Worker->daemon(\'database\', \'default\', Object(Illuminate\\Queue\\WorkerOptions))\n#21 C:\\xampp\\htdocs\\shopbanhangkhoapham\\vendor\\laravel\\framework\\src\\Illuminate\\Queue\\Console\\WorkCommand.php(121): Illuminate\\Queue\\Console\\WorkCommand->runWorker(\'database\', \'default\')\n#22 C:\\xampp\\htdocs\\shopbanhangkhoapham\\vendor\\laravel\\framework\\src\\Illuminate\\Container\\BoundMethod.php(36): Illuminate\\Queue\\Console\\WorkCommand->handle()\n#23 C:\\xampp\\htdocs\\shopbanhangkhoapham\\vendor\\laravel\\framework\\src\\Illuminate\\Container\\Util.php(41): Illuminate\\Container\\BoundMethod::Illuminate\\Container\\{closure}()\n#24 C:\\xampp\\htdocs\\shopbanhangkhoapham\\vendor\\laravel\\framework\\src\\Illuminate\\Container\\BoundMethod.php(93): Illuminate\\Container\\Util::unwrapIfClosure(Object(Closure))\n#25 C:\\xampp\\htdocs\\shopbanhangkhoapham\\vendor\\laravel\\framework\\src\\Illuminate\\Container\\BoundMethod.php(37): Illuminate\\Container\\BoundMethod::callBoundMethod(Object(Illuminate\\Foundation\\Application), Array, Object(Closure))\n#26 C:\\xampp\\htdocs\\shopbanhangkhoapham\\vendor\\laravel\\framework\\src\\Illuminate\\Container\\Container.php(662): Illuminate\\Container\\BoundMethod::call(Object(Illuminate\\Foundation\\Application), Array, Array, NULL)\n#27 C:\\xampp\\htdocs\\shopbanhangkhoapham\\vendor\\laravel\\framework\\src\\Illuminate\\Console\\Command.php(211): Illuminate\\Container\\Container->call(Array)\n#28 C:\\xampp\\htdocs\\shopbanhangkhoapham\\vendor\\symfony\\console\\Command\\Command.php(326): Illuminate\\Console\\Command->execute(Object(Symfony\\Component\\Console\\Input\\ArgvInput), Object(Illuminate\\Console\\OutputStyle))\n#29 C:\\xampp\\htdocs\\shopbanhangkhoapham\\vendor\\laravel\\framework\\src\\Illuminate\\Console\\Command.php(181): Symfony\\Component\\Console\\Command\\Command->run(Object(Symfony\\Component\\Console\\Input\\ArgvInput), Object(Illuminate\\Console\\OutputStyle))\n#30 C:\\xampp\\htdocs\\shopbanhangkhoapham\\vendor\\symfony\\console\\Application.php(1096): Illuminate\\Console\\Command->run(Object(Symfony\\Component\\Console\\Input\\ArgvInput), Object(Symfony\\Component\\Console\\Output\\ConsoleOutput))\n#31 C:\\xampp\\htdocs\\shopbanhangkhoapham\\vendor\\symfony\\console\\Application.php(324): Symfony\\Component\\Console\\Application->doRunCommand(Object(Illuminate\\Queue\\Console\\WorkCommand), Object(Symfony\\Component\\Console\\Input\\ArgvInput), Object(Symfony\\Component\\Console\\Output\\ConsoleOutput))\n#32 C:\\xampp\\htdocs\\shopbanhangkhoapham\\vendor\\symfony\\console\\Application.php(175): Symfony\\Component\\Console\\Application->doRun(Object(Symfony\\Component\\Console\\Input\\ArgvInput), Object(Symfony\\Component\\Console\\Output\\ConsoleOutput))\n#33 C:\\xampp\\htdocs\\shopbanhangkhoapham\\vendor\\laravel\\framework\\src\\Illuminate\\Foundation\\Console\\Kernel.php(201): Symfony\\Component\\Console\\Application->run(Object(Symfony\\Component\\Console\\Input\\ArgvInput), Object(Symfony\\Component\\Console\\Output\\ConsoleOutput))\n#34 C:\\xampp\\htdocs\\shopbanhangkhoapham\\artisan(37): Illuminate\\Foundation\\Console\\Kernel->handle(Object(Symfony\\Component\\Console\\Input\\ArgvInput), Object(Symfony\\Component\\Console\\Output\\ConsoleOutput))\n#35 {main}', '2024-01-22 08:57:37'),
(3, '2ab4d1c5-051c-4ca5-ae88-a0c8d18eb10f', 'database', 'default', '{\"uuid\":\"2ab4d1c5-051c-4ca5-ae88-a0c8d18eb10f\",\"displayName\":\"App\\\\Jobs\\\\SendMail\",\"job\":\"Illuminate\\\\Queue\\\\CallQueuedHandler@call\",\"maxTries\":null,\"maxExceptions\":null,\"failOnTimeout\":false,\"backoff\":null,\"timeout\":null,\"retryUntil\":null,\"data\":{\"commandName\":\"App\\\\Jobs\\\\SendMail\",\"command\":\"O:17:\\\"App\\\\Jobs\\\\SendMail\\\":2:{s:8:\\\"\\u0000*\\u0000email\\\";s:20:\\\"khachhang1@gmail.com\\\";s:5:\\\"delay\\\";O:25:\\\"Illuminate\\\\Support\\\\Carbon\\\":3:{s:4:\\\"date\\\";s:26:\\\"2024-01-22 16:02:03.401757\\\";s:13:\\\"timezone_type\\\";i:3;s:8:\\\"timezone\\\";s:3:\\\"UTC\\\";}}\"}}', 'ErrorException: Undefined property: App\\Jobs\\SendMail::$email in C:\\xampp\\htdocs\\shopbanhangkhoapham\\app\\Jobs\\SendMail.php:30\nStack trace:\n#0 C:\\xampp\\htdocs\\shopbanhangkhoapham\\vendor\\laravel\\framework\\src\\Illuminate\\Foundation\\Bootstrap\\HandleExceptions.php(254): Illuminate\\Foundation\\Bootstrap\\HandleExceptions->handleError(2, \'Undefined prope...\', \'C:\\\\xampp\\\\htdocs...\', 30)\n#1 C:\\xampp\\htdocs\\shopbanhangkhoapham\\app\\Jobs\\SendMail.php(30): Illuminate\\Foundation\\Bootstrap\\HandleExceptions->Illuminate\\Foundation\\Bootstrap\\{closure}(2, \'Undefined prope...\', \'C:\\\\xampp\\\\htdocs...\', 30)\n#2 C:\\xampp\\htdocs\\shopbanhangkhoapham\\vendor\\laravel\\framework\\src\\Illuminate\\Container\\BoundMethod.php(36): App\\Jobs\\SendMail->handle()\n#3 C:\\xampp\\htdocs\\shopbanhangkhoapham\\vendor\\laravel\\framework\\src\\Illuminate\\Container\\Util.php(41): Illuminate\\Container\\BoundMethod::Illuminate\\Container\\{closure}()\n#4 C:\\xampp\\htdocs\\shopbanhangkhoapham\\vendor\\laravel\\framework\\src\\Illuminate\\Container\\BoundMethod.php(93): Illuminate\\Container\\Util::unwrapIfClosure(Object(Closure))\n#5 C:\\xampp\\htdocs\\shopbanhangkhoapham\\vendor\\laravel\\framework\\src\\Illuminate\\Container\\BoundMethod.php(37): Illuminate\\Container\\BoundMethod::callBoundMethod(Object(Illuminate\\Foundation\\Application), Array, Object(Closure))\n#6 C:\\xampp\\htdocs\\shopbanhangkhoapham\\vendor\\laravel\\framework\\src\\Illuminate\\Container\\Container.php(662): Illuminate\\Container\\BoundMethod::call(Object(Illuminate\\Foundation\\Application), Array, Array, NULL)\n#7 C:\\xampp\\htdocs\\shopbanhangkhoapham\\vendor\\laravel\\framework\\src\\Illuminate\\Bus\\Dispatcher.php(128): Illuminate\\Container\\Container->call(Array)\n#8 C:\\xampp\\htdocs\\shopbanhangkhoapham\\vendor\\laravel\\framework\\src\\Illuminate\\Pipeline\\Pipeline.php(144): Illuminate\\Bus\\Dispatcher->Illuminate\\Bus\\{closure}(Object(App\\Jobs\\SendMail))\n#9 C:\\xampp\\htdocs\\shopbanhangkhoapham\\vendor\\laravel\\framework\\src\\Illuminate\\Pipeline\\Pipeline.php(119): Illuminate\\Pipeline\\Pipeline->Illuminate\\Pipeline\\{closure}(Object(App\\Jobs\\SendMail))\n#10 C:\\xampp\\htdocs\\shopbanhangkhoapham\\vendor\\laravel\\framework\\src\\Illuminate\\Bus\\Dispatcher.php(132): Illuminate\\Pipeline\\Pipeline->then(Object(Closure))\n#11 C:\\xampp\\htdocs\\shopbanhangkhoapham\\vendor\\laravel\\framework\\src\\Illuminate\\Queue\\CallQueuedHandler.php(124): Illuminate\\Bus\\Dispatcher->dispatchNow(Object(App\\Jobs\\SendMail), false)\n#12 C:\\xampp\\htdocs\\shopbanhangkhoapham\\vendor\\laravel\\framework\\src\\Illuminate\\Pipeline\\Pipeline.php(144): Illuminate\\Queue\\CallQueuedHandler->Illuminate\\Queue\\{closure}(Object(App\\Jobs\\SendMail))\n#13 C:\\xampp\\htdocs\\shopbanhangkhoapham\\vendor\\laravel\\framework\\src\\Illuminate\\Pipeline\\Pipeline.php(119): Illuminate\\Pipeline\\Pipeline->Illuminate\\Pipeline\\{closure}(Object(App\\Jobs\\SendMail))\n#14 C:\\xampp\\htdocs\\shopbanhangkhoapham\\vendor\\laravel\\framework\\src\\Illuminate\\Queue\\CallQueuedHandler.php(126): Illuminate\\Pipeline\\Pipeline->then(Object(Closure))\n#15 C:\\xampp\\htdocs\\shopbanhangkhoapham\\vendor\\laravel\\framework\\src\\Illuminate\\Queue\\CallQueuedHandler.php(70): Illuminate\\Queue\\CallQueuedHandler->dispatchThroughMiddleware(Object(Illuminate\\Queue\\Jobs\\DatabaseJob), Object(App\\Jobs\\SendMail))\n#16 C:\\xampp\\htdocs\\shopbanhangkhoapham\\vendor\\laravel\\framework\\src\\Illuminate\\Queue\\Jobs\\Job.php(102): Illuminate\\Queue\\CallQueuedHandler->call(Object(Illuminate\\Queue\\Jobs\\DatabaseJob), Array)\n#17 C:\\xampp\\htdocs\\shopbanhangkhoapham\\vendor\\laravel\\framework\\src\\Illuminate\\Queue\\Worker.php(439): Illuminate\\Queue\\Jobs\\Job->fire()\n#18 C:\\xampp\\htdocs\\shopbanhangkhoapham\\vendor\\laravel\\framework\\src\\Illuminate\\Queue\\Worker.php(389): Illuminate\\Queue\\Worker->process(\'database\', Object(Illuminate\\Queue\\Jobs\\DatabaseJob), Object(Illuminate\\Queue\\WorkerOptions))\n#19 C:\\xampp\\htdocs\\shopbanhangkhoapham\\vendor\\laravel\\framework\\src\\Illuminate\\Queue\\Worker.php(176): Illuminate\\Queue\\Worker->runJob(Object(Illuminate\\Queue\\Jobs\\DatabaseJob), \'database\', Object(Illuminate\\Queue\\WorkerOptions))\n#20 C:\\xampp\\htdocs\\shopbanhangkhoapham\\vendor\\laravel\\framework\\src\\Illuminate\\Queue\\Console\\WorkCommand.php(138): Illuminate\\Queue\\Worker->daemon(\'database\', \'default\', Object(Illuminate\\Queue\\WorkerOptions))\n#21 C:\\xampp\\htdocs\\shopbanhangkhoapham\\vendor\\laravel\\framework\\src\\Illuminate\\Queue\\Console\\WorkCommand.php(121): Illuminate\\Queue\\Console\\WorkCommand->runWorker(\'database\', \'default\')\n#22 C:\\xampp\\htdocs\\shopbanhangkhoapham\\vendor\\laravel\\framework\\src\\Illuminate\\Container\\BoundMethod.php(36): Illuminate\\Queue\\Console\\WorkCommand->handle()\n#23 C:\\xampp\\htdocs\\shopbanhangkhoapham\\vendor\\laravel\\framework\\src\\Illuminate\\Container\\Util.php(41): Illuminate\\Container\\BoundMethod::Illuminate\\Container\\{closure}()\n#24 C:\\xampp\\htdocs\\shopbanhangkhoapham\\vendor\\laravel\\framework\\src\\Illuminate\\Container\\BoundMethod.php(93): Illuminate\\Container\\Util::unwrapIfClosure(Object(Closure))\n#25 C:\\xampp\\htdocs\\shopbanhangkhoapham\\vendor\\laravel\\framework\\src\\Illuminate\\Container\\BoundMethod.php(37): Illuminate\\Container\\BoundMethod::callBoundMethod(Object(Illuminate\\Foundation\\Application), Array, Object(Closure))\n#26 C:\\xampp\\htdocs\\shopbanhangkhoapham\\vendor\\laravel\\framework\\src\\Illuminate\\Container\\Container.php(662): Illuminate\\Container\\BoundMethod::call(Object(Illuminate\\Foundation\\Application), Array, Array, NULL)\n#27 C:\\xampp\\htdocs\\shopbanhangkhoapham\\vendor\\laravel\\framework\\src\\Illuminate\\Console\\Command.php(211): Illuminate\\Container\\Container->call(Array)\n#28 C:\\xampp\\htdocs\\shopbanhangkhoapham\\vendor\\symfony\\console\\Command\\Command.php(326): Illuminate\\Console\\Command->execute(Object(Symfony\\Component\\Console\\Input\\ArgvInput), Object(Illuminate\\Console\\OutputStyle))\n#29 C:\\xampp\\htdocs\\shopbanhangkhoapham\\vendor\\laravel\\framework\\src\\Illuminate\\Console\\Command.php(181): Symfony\\Component\\Console\\Command\\Command->run(Object(Symfony\\Component\\Console\\Input\\ArgvInput), Object(Illuminate\\Console\\OutputStyle))\n#30 C:\\xampp\\htdocs\\shopbanhangkhoapham\\vendor\\symfony\\console\\Application.php(1096): Illuminate\\Console\\Command->run(Object(Symfony\\Component\\Console\\Input\\ArgvInput), Object(Symfony\\Component\\Console\\Output\\ConsoleOutput))\n#31 C:\\xampp\\htdocs\\shopbanhangkhoapham\\vendor\\symfony\\console\\Application.php(324): Symfony\\Component\\Console\\Application->doRunCommand(Object(Illuminate\\Queue\\Console\\WorkCommand), Object(Symfony\\Component\\Console\\Input\\ArgvInput), Object(Symfony\\Component\\Console\\Output\\ConsoleOutput))\n#32 C:\\xampp\\htdocs\\shopbanhangkhoapham\\vendor\\symfony\\console\\Application.php(175): Symfony\\Component\\Console\\Application->doRun(Object(Symfony\\Component\\Console\\Input\\ArgvInput), Object(Symfony\\Component\\Console\\Output\\ConsoleOutput))\n#33 C:\\xampp\\htdocs\\shopbanhangkhoapham\\vendor\\laravel\\framework\\src\\Illuminate\\Foundation\\Console\\Kernel.php(201): Symfony\\Component\\Console\\Application->run(Object(Symfony\\Component\\Console\\Input\\ArgvInput), Object(Symfony\\Component\\Console\\Output\\ConsoleOutput))\n#34 C:\\xampp\\htdocs\\shopbanhangkhoapham\\artisan(37): Illuminate\\Foundation\\Console\\Kernel->handle(Object(Symfony\\Component\\Console\\Input\\ArgvInput), Object(Symfony\\Component\\Console\\Output\\ConsoleOutput))\n#35 {main}', '2024-01-22 09:02:05'),
(4, '509941dc-e5e7-470d-ab09-cc33f2c46405', 'database', 'default', '{\"uuid\":\"509941dc-e5e7-470d-ab09-cc33f2c46405\",\"displayName\":\"App\\\\Jobs\\\\SendMail\",\"job\":\"Illuminate\\\\Queue\\\\CallQueuedHandler@call\",\"maxTries\":null,\"maxExceptions\":null,\"failOnTimeout\":false,\"backoff\":null,\"timeout\":null,\"retryUntil\":null,\"data\":{\"commandName\":\"App\\\\Jobs\\\\SendMail\",\"command\":\"O:17:\\\"App\\\\Jobs\\\\SendMail\\\":2:{s:8:\\\"\\u0000*\\u0000email\\\";s:20:\\\"cuong69pro@gmail.com\\\";s:5:\\\"delay\\\";O:25:\\\"Illuminate\\\\Support\\\\Carbon\\\":3:{s:4:\\\"date\\\";s:26:\\\"2024-01-25 14:40:00.055474\\\";s:13:\\\"timezone_type\\\";i:3;s:8:\\\"timezone\\\";s:3:\\\"UTC\\\";}}\"}}', 'ErrorException: Undefined property: App\\Jobs\\SendMail::$carts in C:\\xampp\\htdocs\\shopbanhangkhoapham\\app\\Jobs\\SendMail.php:36\nStack trace:\n#0 C:\\xampp\\htdocs\\shopbanhangkhoapham\\vendor\\laravel\\framework\\src\\Illuminate\\Foundation\\Bootstrap\\HandleExceptions.php(254): Illuminate\\Foundation\\Bootstrap\\HandleExceptions->handleError(2, \'Undefined prope...\', \'C:\\\\xampp\\\\htdocs...\', 36)\n#1 C:\\xampp\\htdocs\\shopbanhangkhoapham\\app\\Jobs\\SendMail.php(36): Illuminate\\Foundation\\Bootstrap\\HandleExceptions->Illuminate\\Foundation\\Bootstrap\\{closure}(2, \'Undefined prope...\', \'C:\\\\xampp\\\\htdocs...\', 36)\n#2 C:\\xampp\\htdocs\\shopbanhangkhoapham\\vendor\\laravel\\framework\\src\\Illuminate\\Container\\BoundMethod.php(36): App\\Jobs\\SendMail->handle()\n#3 C:\\xampp\\htdocs\\shopbanhangkhoapham\\vendor\\laravel\\framework\\src\\Illuminate\\Container\\Util.php(41): Illuminate\\Container\\BoundMethod::Illuminate\\Container\\{closure}()\n#4 C:\\xampp\\htdocs\\shopbanhangkhoapham\\vendor\\laravel\\framework\\src\\Illuminate\\Container\\BoundMethod.php(93): Illuminate\\Container\\Util::unwrapIfClosure(Object(Closure))\n#5 C:\\xampp\\htdocs\\shopbanhangkhoapham\\vendor\\laravel\\framework\\src\\Illuminate\\Container\\BoundMethod.php(37): Illuminate\\Container\\BoundMethod::callBoundMethod(Object(Illuminate\\Foundation\\Application), Array, Object(Closure))\n#6 C:\\xampp\\htdocs\\shopbanhangkhoapham\\vendor\\laravel\\framework\\src\\Illuminate\\Container\\Container.php(662): Illuminate\\Container\\BoundMethod::call(Object(Illuminate\\Foundation\\Application), Array, Array, NULL)\n#7 C:\\xampp\\htdocs\\shopbanhangkhoapham\\vendor\\laravel\\framework\\src\\Illuminate\\Bus\\Dispatcher.php(128): Illuminate\\Container\\Container->call(Array)\n#8 C:\\xampp\\htdocs\\shopbanhangkhoapham\\vendor\\laravel\\framework\\src\\Illuminate\\Pipeline\\Pipeline.php(144): Illuminate\\Bus\\Dispatcher->Illuminate\\Bus\\{closure}(Object(App\\Jobs\\SendMail))\n#9 C:\\xampp\\htdocs\\shopbanhangkhoapham\\vendor\\laravel\\framework\\src\\Illuminate\\Pipeline\\Pipeline.php(119): Illuminate\\Pipeline\\Pipeline->Illuminate\\Pipeline\\{closure}(Object(App\\Jobs\\SendMail))\n#10 C:\\xampp\\htdocs\\shopbanhangkhoapham\\vendor\\laravel\\framework\\src\\Illuminate\\Bus\\Dispatcher.php(132): Illuminate\\Pipeline\\Pipeline->then(Object(Closure))\n#11 C:\\xampp\\htdocs\\shopbanhangkhoapham\\vendor\\laravel\\framework\\src\\Illuminate\\Queue\\CallQueuedHandler.php(124): Illuminate\\Bus\\Dispatcher->dispatchNow(Object(App\\Jobs\\SendMail), false)\n#12 C:\\xampp\\htdocs\\shopbanhangkhoapham\\vendor\\laravel\\framework\\src\\Illuminate\\Pipeline\\Pipeline.php(144): Illuminate\\Queue\\CallQueuedHandler->Illuminate\\Queue\\{closure}(Object(App\\Jobs\\SendMail))\n#13 C:\\xampp\\htdocs\\shopbanhangkhoapham\\vendor\\laravel\\framework\\src\\Illuminate\\Pipeline\\Pipeline.php(119): Illuminate\\Pipeline\\Pipeline->Illuminate\\Pipeline\\{closure}(Object(App\\Jobs\\SendMail))\n#14 C:\\xampp\\htdocs\\shopbanhangkhoapham\\vendor\\laravel\\framework\\src\\Illuminate\\Queue\\CallQueuedHandler.php(126): Illuminate\\Pipeline\\Pipeline->then(Object(Closure))\n#15 C:\\xampp\\htdocs\\shopbanhangkhoapham\\vendor\\laravel\\framework\\src\\Illuminate\\Queue\\CallQueuedHandler.php(70): Illuminate\\Queue\\CallQueuedHandler->dispatchThroughMiddleware(Object(Illuminate\\Queue\\Jobs\\DatabaseJob), Object(App\\Jobs\\SendMail))\n#16 C:\\xampp\\htdocs\\shopbanhangkhoapham\\vendor\\laravel\\framework\\src\\Illuminate\\Queue\\Jobs\\Job.php(102): Illuminate\\Queue\\CallQueuedHandler->call(Object(Illuminate\\Queue\\Jobs\\DatabaseJob), Array)\n#17 C:\\xampp\\htdocs\\shopbanhangkhoapham\\vendor\\laravel\\framework\\src\\Illuminate\\Queue\\Worker.php(439): Illuminate\\Queue\\Jobs\\Job->fire()\n#18 C:\\xampp\\htdocs\\shopbanhangkhoapham\\vendor\\laravel\\framework\\src\\Illuminate\\Queue\\Worker.php(389): Illuminate\\Queue\\Worker->process(\'database\', Object(Illuminate\\Queue\\Jobs\\DatabaseJob), Object(Illuminate\\Queue\\WorkerOptions))\n#19 C:\\xampp\\htdocs\\shopbanhangkhoapham\\vendor\\laravel\\framework\\src\\Illuminate\\Queue\\Worker.php(176): Illuminate\\Queue\\Worker->runJob(Object(Illuminate\\Queue\\Jobs\\DatabaseJob), \'database\', Object(Illuminate\\Queue\\WorkerOptions))\n#20 C:\\xampp\\htdocs\\shopbanhangkhoapham\\vendor\\laravel\\framework\\src\\Illuminate\\Queue\\Console\\WorkCommand.php(138): Illuminate\\Queue\\Worker->daemon(\'database\', \'default\', Object(Illuminate\\Queue\\WorkerOptions))\n#21 C:\\xampp\\htdocs\\shopbanhangkhoapham\\vendor\\laravel\\framework\\src\\Illuminate\\Queue\\Console\\WorkCommand.php(121): Illuminate\\Queue\\Console\\WorkCommand->runWorker(\'database\', \'default\')\n#22 C:\\xampp\\htdocs\\shopbanhangkhoapham\\vendor\\laravel\\framework\\src\\Illuminate\\Container\\BoundMethod.php(36): Illuminate\\Queue\\Console\\WorkCommand->handle()\n#23 C:\\xampp\\htdocs\\shopbanhangkhoapham\\vendor\\laravel\\framework\\src\\Illuminate\\Container\\Util.php(41): Illuminate\\Container\\BoundMethod::Illuminate\\Container\\{closure}()\n#24 C:\\xampp\\htdocs\\shopbanhangkhoapham\\vendor\\laravel\\framework\\src\\Illuminate\\Container\\BoundMethod.php(93): Illuminate\\Container\\Util::unwrapIfClosure(Object(Closure))\n#25 C:\\xampp\\htdocs\\shopbanhangkhoapham\\vendor\\laravel\\framework\\src\\Illuminate\\Container\\BoundMethod.php(37): Illuminate\\Container\\BoundMethod::callBoundMethod(Object(Illuminate\\Foundation\\Application), Array, Object(Closure))\n#26 C:\\xampp\\htdocs\\shopbanhangkhoapham\\vendor\\laravel\\framework\\src\\Illuminate\\Container\\Container.php(662): Illuminate\\Container\\BoundMethod::call(Object(Illuminate\\Foundation\\Application), Array, Array, NULL)\n#27 C:\\xampp\\htdocs\\shopbanhangkhoapham\\vendor\\laravel\\framework\\src\\Illuminate\\Console\\Command.php(211): Illuminate\\Container\\Container->call(Array)\n#28 C:\\xampp\\htdocs\\shopbanhangkhoapham\\vendor\\symfony\\console\\Command\\Command.php(326): Illuminate\\Console\\Command->execute(Object(Symfony\\Component\\Console\\Input\\ArgvInput), Object(Illuminate\\Console\\OutputStyle))\n#29 C:\\xampp\\htdocs\\shopbanhangkhoapham\\vendor\\laravel\\framework\\src\\Illuminate\\Console\\Command.php(181): Symfony\\Component\\Console\\Command\\Command->run(Object(Symfony\\Component\\Console\\Input\\ArgvInput), Object(Illuminate\\Console\\OutputStyle))\n#30 C:\\xampp\\htdocs\\shopbanhangkhoapham\\vendor\\symfony\\console\\Application.php(1096): Illuminate\\Console\\Command->run(Object(Symfony\\Component\\Console\\Input\\ArgvInput), Object(Symfony\\Component\\Console\\Output\\ConsoleOutput))\n#31 C:\\xampp\\htdocs\\shopbanhangkhoapham\\vendor\\symfony\\console\\Application.php(324): Symfony\\Component\\Console\\Application->doRunCommand(Object(Illuminate\\Queue\\Console\\WorkCommand), Object(Symfony\\Component\\Console\\Input\\ArgvInput), Object(Symfony\\Component\\Console\\Output\\ConsoleOutput))\n#32 C:\\xampp\\htdocs\\shopbanhangkhoapham\\vendor\\symfony\\console\\Application.php(175): Symfony\\Component\\Console\\Application->doRun(Object(Symfony\\Component\\Console\\Input\\ArgvInput), Object(Symfony\\Component\\Console\\Output\\ConsoleOutput))\n#33 C:\\xampp\\htdocs\\shopbanhangkhoapham\\vendor\\laravel\\framework\\src\\Illuminate\\Foundation\\Console\\Kernel.php(201): Symfony\\Component\\Console\\Application->run(Object(Symfony\\Component\\Console\\Input\\ArgvInput), Object(Symfony\\Component\\Console\\Output\\ConsoleOutput))\n#34 C:\\xampp\\htdocs\\shopbanhangkhoapham\\artisan(37): Illuminate\\Foundation\\Console\\Kernel->handle(Object(Symfony\\Component\\Console\\Input\\ArgvInput), Object(Symfony\\Component\\Console\\Output\\ConsoleOutput))\n#35 {main}', '2024-01-25 07:40:02');
INSERT INTO `failed_jobs` (`id`, `uuid`, `connection`, `queue`, `payload`, `exception`, `failed_at`) VALUES
(5, 'cdc56ef1-c9b0-4308-9382-61a5bab0c3d5', 'database', 'default', '{\"uuid\":\"cdc56ef1-c9b0-4308-9382-61a5bab0c3d5\",\"displayName\":\"App\\\\Jobs\\\\SendMail\",\"job\":\"Illuminate\\\\Queue\\\\CallQueuedHandler@call\",\"maxTries\":null,\"maxExceptions\":null,\"failOnTimeout\":false,\"backoff\":null,\"timeout\":null,\"retryUntil\":null,\"data\":{\"commandName\":\"App\\\\Jobs\\\\SendMail\",\"command\":\"O:17:\\\"App\\\\Jobs\\\\SendMail\\\":3:{s:8:\\\"\\u0000*\\u0000email\\\";s:20:\\\"cuong69pro@gmail.com\\\";s:8:\\\"\\u0000*\\u0000carts\\\";O:45:\\\"Illuminate\\\\Contracts\\\\Database\\\\ModelIdentifier\\\":5:{s:5:\\\"class\\\";s:15:\\\"App\\\\Models\\\\Cart\\\";s:2:\\\"id\\\";a:2:{i:0;i:12;i:1;i:13;}s:9:\\\"relations\\\";a:1:{i:0;s:7:\\\"product\\\";}s:10:\\\"connection\\\";s:5:\\\"mysql\\\";s:15:\\\"collectionClass\\\";N;}s:5:\\\"delay\\\";O:25:\\\"Illuminate\\\\Support\\\\Carbon\\\":3:{s:4:\\\"date\\\";s:26:\\\"2024-01-25 14:52:47.419638\\\";s:13:\\\"timezone_type\\\";i:3;s:8:\\\"timezone\\\";s:3:\\\"UTC\\\";}}\"}}', 'ErrorException: Undefined variable $carts in C:\\xampp\\htdocs\\shopbanhangkhoapham\\storage\\framework\\views\\74021e546194a6669173db88a679d736.php:17\nStack trace:\n#0 C:\\xampp\\htdocs\\shopbanhangkhoapham\\vendor\\laravel\\framework\\src\\Illuminate\\Foundation\\Bootstrap\\HandleExceptions.php(254): Illuminate\\Foundation\\Bootstrap\\HandleExceptions->handleError(2, \'Undefined varia...\', \'C:\\\\xampp\\\\htdocs...\', 17)\n#1 C:\\xampp\\htdocs\\shopbanhangkhoapham\\storage\\framework\\views\\74021e546194a6669173db88a679d736.php(17): Illuminate\\Foundation\\Bootstrap\\HandleExceptions->Illuminate\\Foundation\\Bootstrap\\{closure}(2, \'Undefined varia...\', \'C:\\\\xampp\\\\htdocs...\', 17)\n#2 C:\\xampp\\htdocs\\shopbanhangkhoapham\\vendor\\laravel\\framework\\src\\Illuminate\\Filesystem\\Filesystem.php(124): require(\'C:\\\\xampp\\\\htdocs...\')\n#3 C:\\xampp\\htdocs\\shopbanhangkhoapham\\vendor\\laravel\\framework\\src\\Illuminate\\Filesystem\\Filesystem.php(125): Illuminate\\Filesystem\\Filesystem::Illuminate\\Filesystem\\{closure}()\n#4 C:\\xampp\\htdocs\\shopbanhangkhoapham\\vendor\\laravel\\framework\\src\\Illuminate\\View\\Engines\\PhpEngine.php(58): Illuminate\\Filesystem\\Filesystem->getRequire(\'C:\\\\xampp\\\\htdocs...\', Array)\n#5 C:\\xampp\\htdocs\\shopbanhangkhoapham\\vendor\\laravel\\framework\\src\\Illuminate\\View\\Engines\\CompilerEngine.php(72): Illuminate\\View\\Engines\\PhpEngine->evaluatePath(\'C:\\\\xampp\\\\htdocs...\', Array)\n#6 C:\\xampp\\htdocs\\shopbanhangkhoapham\\vendor\\laravel\\framework\\src\\Illuminate\\View\\View.php(207): Illuminate\\View\\Engines\\CompilerEngine->get(\'C:\\\\xampp\\\\htdocs...\', Array)\n#7 C:\\xampp\\htdocs\\shopbanhangkhoapham\\vendor\\laravel\\framework\\src\\Illuminate\\View\\View.php(190): Illuminate\\View\\View->getContents()\n#8 C:\\xampp\\htdocs\\shopbanhangkhoapham\\vendor\\laravel\\framework\\src\\Illuminate\\View\\View.php(159): Illuminate\\View\\View->renderContents()\n#9 C:\\xampp\\htdocs\\shopbanhangkhoapham\\vendor\\laravel\\framework\\src\\Illuminate\\Mail\\Mailer.php(433): Illuminate\\View\\View->render()\n#10 C:\\xampp\\htdocs\\shopbanhangkhoapham\\vendor\\laravel\\framework\\src\\Illuminate\\Mail\\Mailer.php(408): Illuminate\\Mail\\Mailer->renderView(\'mail.success\', Array)\n#11 C:\\xampp\\htdocs\\shopbanhangkhoapham\\vendor\\laravel\\framework\\src\\Illuminate\\Mail\\Mailer.php(320): Illuminate\\Mail\\Mailer->addContent(Object(Illuminate\\Mail\\Message), \'mail.success\', NULL, NULL, Array)\n#12 C:\\xampp\\htdocs\\shopbanhangkhoapham\\vendor\\laravel\\framework\\src\\Illuminate\\Mail\\Mailable.php(213): Illuminate\\Mail\\Mailer->send(\'mail.success\', Array, Object(Closure))\n#13 C:\\xampp\\htdocs\\shopbanhangkhoapham\\vendor\\laravel\\framework\\src\\Illuminate\\Support\\Traits\\Localizable.php(19): Illuminate\\Mail\\Mailable->Illuminate\\Mail\\{closure}()\n#14 C:\\xampp\\htdocs\\shopbanhangkhoapham\\vendor\\laravel\\framework\\src\\Illuminate\\Mail\\Mailable.php(214): Illuminate\\Mail\\Mailable->withLocale(NULL, Object(Closure))\n#15 C:\\xampp\\htdocs\\shopbanhangkhoapham\\vendor\\laravel\\framework\\src\\Illuminate\\Mail\\Mailer.php(357): Illuminate\\Mail\\Mailable->send(Object(Illuminate\\Mail\\Mailer))\n#16 C:\\xampp\\htdocs\\shopbanhangkhoapham\\vendor\\laravel\\framework\\src\\Illuminate\\Mail\\Mailer.php(301): Illuminate\\Mail\\Mailer->sendMailable(Object(App\\Mail\\OrderShipped))\n#17 C:\\xampp\\htdocs\\shopbanhangkhoapham\\vendor\\laravel\\framework\\src\\Illuminate\\Mail\\PendingMail.php(124): Illuminate\\Mail\\Mailer->send(Object(App\\Mail\\OrderShipped))\n#18 C:\\xampp\\htdocs\\shopbanhangkhoapham\\app\\Jobs\\SendMail.php(36): Illuminate\\Mail\\PendingMail->send(Object(App\\Mail\\OrderShipped))\n#19 C:\\xampp\\htdocs\\shopbanhangkhoapham\\vendor\\laravel\\framework\\src\\Illuminate\\Container\\BoundMethod.php(36): App\\Jobs\\SendMail->handle()\n#20 C:\\xampp\\htdocs\\shopbanhangkhoapham\\vendor\\laravel\\framework\\src\\Illuminate\\Container\\Util.php(41): Illuminate\\Container\\BoundMethod::Illuminate\\Container\\{closure}()\n#21 C:\\xampp\\htdocs\\shopbanhangkhoapham\\vendor\\laravel\\framework\\src\\Illuminate\\Container\\BoundMethod.php(93): Illuminate\\Container\\Util::unwrapIfClosure(Object(Closure))\n#22 C:\\xampp\\htdocs\\shopbanhangkhoapham\\vendor\\laravel\\framework\\src\\Illuminate\\Container\\BoundMethod.php(37): Illuminate\\Container\\BoundMethod::callBoundMethod(Object(Illuminate\\Foundation\\Application), Array, Object(Closure))\n#23 C:\\xampp\\htdocs\\shopbanhangkhoapham\\vendor\\laravel\\framework\\src\\Illuminate\\Container\\Container.php(662): Illuminate\\Container\\BoundMethod::call(Object(Illuminate\\Foundation\\Application), Array, Array, NULL)\n#24 C:\\xampp\\htdocs\\shopbanhangkhoapham\\vendor\\laravel\\framework\\src\\Illuminate\\Bus\\Dispatcher.php(128): Illuminate\\Container\\Container->call(Array)\n#25 C:\\xampp\\htdocs\\shopbanhangkhoapham\\vendor\\laravel\\framework\\src\\Illuminate\\Pipeline\\Pipeline.php(144): Illuminate\\Bus\\Dispatcher->Illuminate\\Bus\\{closure}(Object(App\\Jobs\\SendMail))\n#26 C:\\xampp\\htdocs\\shopbanhangkhoapham\\vendor\\laravel\\framework\\src\\Illuminate\\Pipeline\\Pipeline.php(119): Illuminate\\Pipeline\\Pipeline->Illuminate\\Pipeline\\{closure}(Object(App\\Jobs\\SendMail))\n#27 C:\\xampp\\htdocs\\shopbanhangkhoapham\\vendor\\laravel\\framework\\src\\Illuminate\\Bus\\Dispatcher.php(132): Illuminate\\Pipeline\\Pipeline->then(Object(Closure))\n#28 C:\\xampp\\htdocs\\shopbanhangkhoapham\\vendor\\laravel\\framework\\src\\Illuminate\\Queue\\CallQueuedHandler.php(124): Illuminate\\Bus\\Dispatcher->dispatchNow(Object(App\\Jobs\\SendMail), false)\n#29 C:\\xampp\\htdocs\\shopbanhangkhoapham\\vendor\\laravel\\framework\\src\\Illuminate\\Pipeline\\Pipeline.php(144): Illuminate\\Queue\\CallQueuedHandler->Illuminate\\Queue\\{closure}(Object(App\\Jobs\\SendMail))\n#30 C:\\xampp\\htdocs\\shopbanhangkhoapham\\vendor\\laravel\\framework\\src\\Illuminate\\Pipeline\\Pipeline.php(119): Illuminate\\Pipeline\\Pipeline->Illuminate\\Pipeline\\{closure}(Object(App\\Jobs\\SendMail))\n#31 C:\\xampp\\htdocs\\shopbanhangkhoapham\\vendor\\laravel\\framework\\src\\Illuminate\\Queue\\CallQueuedHandler.php(126): Illuminate\\Pipeline\\Pipeline->then(Object(Closure))\n#32 C:\\xampp\\htdocs\\shopbanhangkhoapham\\vendor\\laravel\\framework\\src\\Illuminate\\Queue\\CallQueuedHandler.php(70): Illuminate\\Queue\\CallQueuedHandler->dispatchThroughMiddleware(Object(Illuminate\\Queue\\Jobs\\DatabaseJob), Object(App\\Jobs\\SendMail))\n#33 C:\\xampp\\htdocs\\shopbanhangkhoapham\\vendor\\laravel\\framework\\src\\Illuminate\\Queue\\Jobs\\Job.php(102): Illuminate\\Queue\\CallQueuedHandler->call(Object(Illuminate\\Queue\\Jobs\\DatabaseJob), Array)\n#34 C:\\xampp\\htdocs\\shopbanhangkhoapham\\vendor\\laravel\\framework\\src\\Illuminate\\Queue\\Worker.php(439): Illuminate\\Queue\\Jobs\\Job->fire()\n#35 C:\\xampp\\htdocs\\shopbanhangkhoapham\\vendor\\laravel\\framework\\src\\Illuminate\\Queue\\Worker.php(389): Illuminate\\Queue\\Worker->process(\'database\', Object(Illuminate\\Queue\\Jobs\\DatabaseJob), Object(Illuminate\\Queue\\WorkerOptions))\n#36 C:\\xampp\\htdocs\\shopbanhangkhoapham\\vendor\\laravel\\framework\\src\\Illuminate\\Queue\\Worker.php(176): Illuminate\\Queue\\Worker->runJob(Object(Illuminate\\Queue\\Jobs\\DatabaseJob), \'database\', Object(Illuminate\\Queue\\WorkerOptions))\n#37 C:\\xampp\\htdocs\\shopbanhangkhoapham\\vendor\\laravel\\framework\\src\\Illuminate\\Queue\\Console\\WorkCommand.php(138): Illuminate\\Queue\\Worker->daemon(\'database\', \'default\', Object(Illuminate\\Queue\\WorkerOptions))\n#38 C:\\xampp\\htdocs\\shopbanhangkhoapham\\vendor\\laravel\\framework\\src\\Illuminate\\Queue\\Console\\WorkCommand.php(121): Illuminate\\Queue\\Console\\WorkCommand->runWorker(\'database\', \'default\')\n#39 C:\\xampp\\htdocs\\shopbanhangkhoapham\\vendor\\laravel\\framework\\src\\Illuminate\\Container\\BoundMethod.php(36): Illuminate\\Queue\\Console\\WorkCommand->handle()\n#40 C:\\xampp\\htdocs\\shopbanhangkhoapham\\vendor\\laravel\\framework\\src\\Illuminate\\Container\\Util.php(41): Illuminate\\Container\\BoundMethod::Illuminate\\Container\\{closure}()\n#41 C:\\xampp\\htdocs\\shopbanhangkhoapham\\vendor\\laravel\\framework\\src\\Illuminate\\Container\\BoundMethod.php(93): Illuminate\\Container\\Util::unwrapIfClosure(Object(Closure))\n#42 C:\\xampp\\htdocs\\shopbanhangkhoapham\\vendor\\laravel\\framework\\src\\Illuminate\\Container\\BoundMethod.php(37): Illuminate\\Container\\BoundMethod::callBoundMethod(Object(Illuminate\\Foundation\\Application), Array, Object(Closure))\n#43 C:\\xampp\\htdocs\\shopbanhangkhoapham\\vendor\\laravel\\framework\\src\\Illuminate\\Container\\Container.php(662): Illuminate\\Container\\BoundMethod::call(Object(Illuminate\\Foundation\\Application), Array, Array, NULL)\n#44 C:\\xampp\\htdocs\\shopbanhangkhoapham\\vendor\\laravel\\framework\\src\\Illuminate\\Console\\Command.php(211): Illuminate\\Container\\Container->call(Array)\n#45 C:\\xampp\\htdocs\\shopbanhangkhoapham\\vendor\\symfony\\console\\Command\\Command.php(326): Illuminate\\Console\\Command->execute(Object(Symfony\\Component\\Console\\Input\\ArgvInput), Object(Illuminate\\Console\\OutputStyle))\n#46 C:\\xampp\\htdocs\\shopbanhangkhoapham\\vendor\\laravel\\framework\\src\\Illuminate\\Console\\Command.php(181): Symfony\\Component\\Console\\Command\\Command->run(Object(Symfony\\Component\\Console\\Input\\ArgvInput), Object(Illuminate\\Console\\OutputStyle))\n#47 C:\\xampp\\htdocs\\shopbanhangkhoapham\\vendor\\symfony\\console\\Application.php(1096): Illuminate\\Console\\Command->run(Object(Symfony\\Component\\Console\\Input\\ArgvInput), Object(Symfony\\Component\\Console\\Output\\ConsoleOutput))\n#48 C:\\xampp\\htdocs\\shopbanhangkhoapham\\vendor\\symfony\\console\\Application.php(324): Symfony\\Component\\Console\\Application->doRunCommand(Object(Illuminate\\Queue\\Console\\WorkCommand), Object(Symfony\\Component\\Console\\Input\\ArgvInput), Object(Symfony\\Component\\Console\\Output\\ConsoleOutput))\n#49 C:\\xampp\\htdocs\\shopbanhangkhoapham\\vendor\\symfony\\console\\Application.php(175): Symfony\\Component\\Console\\Application->doRun(Object(Symfony\\Component\\Console\\Input\\ArgvInput), Object(Symfony\\Component\\Console\\Output\\ConsoleOutput))\n#50 C:\\xampp\\htdocs\\shopbanhangkhoapham\\vendor\\laravel\\framework\\src\\Illuminate\\Foundation\\Console\\Kernel.php(201): Symfony\\Component\\Console\\Application->run(Object(Symfony\\Component\\Console\\Input\\ArgvInput), Object(Symfony\\Component\\Console\\Output\\ConsoleOutput))\n#51 C:\\xampp\\htdocs\\shopbanhangkhoapham\\artisan(37): Illuminate\\Foundation\\Console\\Kernel->handle(Object(Symfony\\Component\\Console\\Input\\ArgvInput), Object(Symfony\\Component\\Console\\Output\\ConsoleOutput))\n#52 {main}\n\nNext Illuminate\\View\\ViewException: Undefined variable $carts (View: C:\\xampp\\htdocs\\shopbanhangkhoapham\\resources\\views\\mail\\success.blade.php) in C:\\xampp\\htdocs\\shopbanhangkhoapham\\storage\\framework\\views\\74021e546194a6669173db88a679d736.php:17\nStack trace:\n#0 C:\\xampp\\htdocs\\shopbanhangkhoapham\\vendor\\laravel\\framework\\src\\Illuminate\\View\\Engines\\PhpEngine.php(60): Illuminate\\View\\Engines\\CompilerEngine->handleViewException(Object(ErrorException), 0)\n#1 C:\\xampp\\htdocs\\shopbanhangkhoapham\\vendor\\laravel\\framework\\src\\Illuminate\\View\\Engines\\CompilerEngine.php(72): Illuminate\\View\\Engines\\PhpEngine->evaluatePath(\'C:\\\\xampp\\\\htdocs...\', Array)\n#2 C:\\xampp\\htdocs\\shopbanhangkhoapham\\vendor\\laravel\\framework\\src\\Illuminate\\View\\View.php(207): Illuminate\\View\\Engines\\CompilerEngine->get(\'C:\\\\xampp\\\\htdocs...\', Array)\n#3 C:\\xampp\\htdocs\\shopbanhangkhoapham\\vendor\\laravel\\framework\\src\\Illuminate\\View\\View.php(190): Illuminate\\View\\View->getContents()\n#4 C:\\xampp\\htdocs\\shopbanhangkhoapham\\vendor\\laravel\\framework\\src\\Illuminate\\View\\View.php(159): Illuminate\\View\\View->renderContents()\n#5 C:\\xampp\\htdocs\\shopbanhangkhoapham\\vendor\\laravel\\framework\\src\\Illuminate\\Mail\\Mailer.php(433): Illuminate\\View\\View->render()\n#6 C:\\xampp\\htdocs\\shopbanhangkhoapham\\vendor\\laravel\\framework\\src\\Illuminate\\Mail\\Mailer.php(408): Illuminate\\Mail\\Mailer->renderView(\'mail.success\', Array)\n#7 C:\\xampp\\htdocs\\shopbanhangkhoapham\\vendor\\laravel\\framework\\src\\Illuminate\\Mail\\Mailer.php(320): Illuminate\\Mail\\Mailer->addContent(Object(Illuminate\\Mail\\Message), \'mail.success\', NULL, NULL, Array)\n#8 C:\\xampp\\htdocs\\shopbanhangkhoapham\\vendor\\laravel\\framework\\src\\Illuminate\\Mail\\Mailable.php(213): Illuminate\\Mail\\Mailer->send(\'mail.success\', Array, Object(Closure))\n#9 C:\\xampp\\htdocs\\shopbanhangkhoapham\\vendor\\laravel\\framework\\src\\Illuminate\\Support\\Traits\\Localizable.php(19): Illuminate\\Mail\\Mailable->Illuminate\\Mail\\{closure}()\n#10 C:\\xampp\\htdocs\\shopbanhangkhoapham\\vendor\\laravel\\framework\\src\\Illuminate\\Mail\\Mailable.php(214): Illuminate\\Mail\\Mailable->withLocale(NULL, Object(Closure))\n#11 C:\\xampp\\htdocs\\shopbanhangkhoapham\\vendor\\laravel\\framework\\src\\Illuminate\\Mail\\Mailer.php(357): Illuminate\\Mail\\Mailable->send(Object(Illuminate\\Mail\\Mailer))\n#12 C:\\xampp\\htdocs\\shopbanhangkhoapham\\vendor\\laravel\\framework\\src\\Illuminate\\Mail\\Mailer.php(301): Illuminate\\Mail\\Mailer->sendMailable(Object(App\\Mail\\OrderShipped))\n#13 C:\\xampp\\htdocs\\shopbanhangkhoapham\\vendor\\laravel\\framework\\src\\Illuminate\\Mail\\PendingMail.php(124): Illuminate\\Mail\\Mailer->send(Object(App\\Mail\\OrderShipped))\n#14 C:\\xampp\\htdocs\\shopbanhangkhoapham\\app\\Jobs\\SendMail.php(36): Illuminate\\Mail\\PendingMail->send(Object(App\\Mail\\OrderShipped))\n#15 C:\\xampp\\htdocs\\shopbanhangkhoapham\\vendor\\laravel\\framework\\src\\Illuminate\\Container\\BoundMethod.php(36): App\\Jobs\\SendMail->handle()\n#16 C:\\xampp\\htdocs\\shopbanhangkhoapham\\vendor\\laravel\\framework\\src\\Illuminate\\Container\\Util.php(41): Illuminate\\Container\\BoundMethod::Illuminate\\Container\\{closure}()\n#17 C:\\xampp\\htdocs\\shopbanhangkhoapham\\vendor\\laravel\\framework\\src\\Illuminate\\Container\\BoundMethod.php(93): Illuminate\\Container\\Util::unwrapIfClosure(Object(Closure))\n#18 C:\\xampp\\htdocs\\shopbanhangkhoapham\\vendor\\laravel\\framework\\src\\Illuminate\\Container\\BoundMethod.php(37): Illuminate\\Container\\BoundMethod::callBoundMethod(Object(Illuminate\\Foundation\\Application), Array, Object(Closure))\n#19 C:\\xampp\\htdocs\\shopbanhangkhoapham\\vendor\\laravel\\framework\\src\\Illuminate\\Container\\Container.php(662): Illuminate\\Container\\BoundMethod::call(Object(Illuminate\\Foundation\\Application), Array, Array, NULL)\n#20 C:\\xampp\\htdocs\\shopbanhangkhoapham\\vendor\\laravel\\framework\\src\\Illuminate\\Bus\\Dispatcher.php(128): Illuminate\\Container\\Container->call(Array)\n#21 C:\\xampp\\htdocs\\shopbanhangkhoapham\\vendor\\laravel\\framework\\src\\Illuminate\\Pipeline\\Pipeline.php(144): Illuminate\\Bus\\Dispatcher->Illuminate\\Bus\\{closure}(Object(App\\Jobs\\SendMail))\n#22 C:\\xampp\\htdocs\\shopbanhangkhoapham\\vendor\\laravel\\framework\\src\\Illuminate\\Pipeline\\Pipeline.php(119): Illuminate\\Pipeline\\Pipeline->Illuminate\\Pipeline\\{closure}(Object(App\\Jobs\\SendMail))\n#23 C:\\xampp\\htdocs\\shopbanhangkhoapham\\vendor\\laravel\\framework\\src\\Illuminate\\Bus\\Dispatcher.php(132): Illuminate\\Pipeline\\Pipeline->then(Object(Closure))\n#24 C:\\xampp\\htdocs\\shopbanhangkhoapham\\vendor\\laravel\\framework\\src\\Illuminate\\Queue\\CallQueuedHandler.php(124): Illuminate\\Bus\\Dispatcher->dispatchNow(Object(App\\Jobs\\SendMail), false)\n#25 C:\\xampp\\htdocs\\shopbanhangkhoapham\\vendor\\laravel\\framework\\src\\Illuminate\\Pipeline\\Pipeline.php(144): Illuminate\\Queue\\CallQueuedHandler->Illuminate\\Queue\\{closure}(Object(App\\Jobs\\SendMail))\n#26 C:\\xampp\\htdocs\\shopbanhangkhoapham\\vendor\\laravel\\framework\\src\\Illuminate\\Pipeline\\Pipeline.php(119): Illuminate\\Pipeline\\Pipeline->Illuminate\\Pipeline\\{closure}(Object(App\\Jobs\\SendMail))\n#27 C:\\xampp\\htdocs\\shopbanhangkhoapham\\vendor\\laravel\\framework\\src\\Illuminate\\Queue\\CallQueuedHandler.php(126): Illuminate\\Pipeline\\Pipeline->then(Object(Closure))\n#28 C:\\xampp\\htdocs\\shopbanhangkhoapham\\vendor\\laravel\\framework\\src\\Illuminate\\Queue\\CallQueuedHandler.php(70): Illuminate\\Queue\\CallQueuedHandler->dispatchThroughMiddleware(Object(Illuminate\\Queue\\Jobs\\DatabaseJob), Object(App\\Jobs\\SendMail))\n#29 C:\\xampp\\htdocs\\shopbanhangkhoapham\\vendor\\laravel\\framework\\src\\Illuminate\\Queue\\Jobs\\Job.php(102): Illuminate\\Queue\\CallQueuedHandler->call(Object(Illuminate\\Queue\\Jobs\\DatabaseJob), Array)\n#30 C:\\xampp\\htdocs\\shopbanhangkhoapham\\vendor\\laravel\\framework\\src\\Illuminate\\Queue\\Worker.php(439): Illuminate\\Queue\\Jobs\\Job->fire()\n#31 C:\\xampp\\htdocs\\shopbanhangkhoapham\\vendor\\laravel\\framework\\src\\Illuminate\\Queue\\Worker.php(389): Illuminate\\Queue\\Worker->process(\'database\', Object(Illuminate\\Queue\\Jobs\\DatabaseJob), Object(Illuminate\\Queue\\WorkerOptions))\n#32 C:\\xampp\\htdocs\\shopbanhangkhoapham\\vendor\\laravel\\framework\\src\\Illuminate\\Queue\\Worker.php(176): Illuminate\\Queue\\Worker->runJob(Object(Illuminate\\Queue\\Jobs\\DatabaseJob), \'database\', Object(Illuminate\\Queue\\WorkerOptions))\n#33 C:\\xampp\\htdocs\\shopbanhangkhoapham\\vendor\\laravel\\framework\\src\\Illuminate\\Queue\\Console\\WorkCommand.php(138): Illuminate\\Queue\\Worker->daemon(\'database\', \'default\', Object(Illuminate\\Queue\\WorkerOptions))\n#34 C:\\xampp\\htdocs\\shopbanhangkhoapham\\vendor\\laravel\\framework\\src\\Illuminate\\Queue\\Console\\WorkCommand.php(121): Illuminate\\Queue\\Console\\WorkCommand->runWorker(\'database\', \'default\')\n#35 C:\\xampp\\htdocs\\shopbanhangkhoapham\\vendor\\laravel\\framework\\src\\Illuminate\\Container\\BoundMethod.php(36): Illuminate\\Queue\\Console\\WorkCommand->handle()\n#36 C:\\xampp\\htdocs\\shopbanhangkhoapham\\vendor\\laravel\\framework\\src\\Illuminate\\Container\\Util.php(41): Illuminate\\Container\\BoundMethod::Illuminate\\Container\\{closure}()\n#37 C:\\xampp\\htdocs\\shopbanhangkhoapham\\vendor\\laravel\\framework\\src\\Illuminate\\Container\\BoundMethod.php(93): Illuminate\\Container\\Util::unwrapIfClosure(Object(Closure))\n#38 C:\\xampp\\htdocs\\shopbanhangkhoapham\\vendor\\laravel\\framework\\src\\Illuminate\\Container\\BoundMethod.php(37): Illuminate\\Container\\BoundMethod::callBoundMethod(Object(Illuminate\\Foundation\\Application), Array, Object(Closure))\n#39 C:\\xampp\\htdocs\\shopbanhangkhoapham\\vendor\\laravel\\framework\\src\\Illuminate\\Container\\Container.php(662): Illuminate\\Container\\BoundMethod::call(Object(Illuminate\\Foundation\\Application), Array, Array, NULL)\n#40 C:\\xampp\\htdocs\\shopbanhangkhoapham\\vendor\\laravel\\framework\\src\\Illuminate\\Console\\Command.php(211): Illuminate\\Container\\Container->call(Array)\n#41 C:\\xampp\\htdocs\\shopbanhangkhoapham\\vendor\\symfony\\console\\Command\\Command.php(326): Illuminate\\Console\\Command->execute(Object(Symfony\\Component\\Console\\Input\\ArgvInput), Object(Illuminate\\Console\\OutputStyle))\n#42 C:\\xampp\\htdocs\\shopbanhangkhoapham\\vendor\\laravel\\framework\\src\\Illuminate\\Console\\Command.php(181): Symfony\\Component\\Console\\Command\\Command->run(Object(Symfony\\Component\\Console\\Input\\ArgvInput), Object(Illuminate\\Console\\OutputStyle))\n#43 C:\\xampp\\htdocs\\shopbanhangkhoapham\\vendor\\symfony\\console\\Application.php(1096): Illuminate\\Console\\Command->run(Object(Symfony\\Component\\Console\\Input\\ArgvInput), Object(Symfony\\Component\\Console\\Output\\ConsoleOutput))\n#44 C:\\xampp\\htdocs\\shopbanhangkhoapham\\vendor\\symfony\\console\\Application.php(324): Symfony\\Component\\Console\\Application->doRunCommand(Object(Illuminate\\Queue\\Console\\WorkCommand), Object(Symfony\\Component\\Console\\Input\\ArgvInput), Object(Symfony\\Component\\Console\\Output\\ConsoleOutput))\n#45 C:\\xampp\\htdocs\\shopbanhangkhoapham\\vendor\\symfony\\console\\Application.php(175): Symfony\\Component\\Console\\Application->doRun(Object(Symfony\\Component\\Console\\Input\\ArgvInput), Object(Symfony\\Component\\Console\\Output\\ConsoleOutput))\n#46 C:\\xampp\\htdocs\\shopbanhangkhoapham\\vendor\\laravel\\framework\\src\\Illuminate\\Foundation\\Console\\Kernel.php(201): Symfony\\Component\\Console\\Application->run(Object(Symfony\\Component\\Console\\Input\\ArgvInput), Object(Symfony\\Component\\Console\\Output\\ConsoleOutput))\n#47 C:\\xampp\\htdocs\\shopbanhangkhoapham\\artisan(37): Illuminate\\Foundation\\Console\\Kernel->handle(Object(Symfony\\Component\\Console\\Input\\ArgvInput), Object(Symfony\\Component\\Console\\Output\\ConsoleOutput))\n#48 {main}', '2024-01-25 07:58:05');
INSERT INTO `failed_jobs` (`id`, `uuid`, `connection`, `queue`, `payload`, `exception`, `failed_at`) VALUES
(6, 'd0d7f2d9-cabf-42d9-b68e-153db3571391', 'database', 'default', '{\"uuid\":\"d0d7f2d9-cabf-42d9-b68e-153db3571391\",\"displayName\":\"App\\\\Jobs\\\\SendMail\",\"job\":\"Illuminate\\\\Queue\\\\CallQueuedHandler@call\",\"maxTries\":null,\"maxExceptions\":null,\"failOnTimeout\":false,\"backoff\":null,\"timeout\":null,\"retryUntil\":null,\"data\":{\"commandName\":\"App\\\\Jobs\\\\SendMail\",\"command\":\"O:17:\\\"App\\\\Jobs\\\\SendMail\\\":3:{s:8:\\\"\\u0000*\\u0000email\\\";s:20:\\\"cuong69pro@gmail.com\\\";s:8:\\\"\\u0000*\\u0000carts\\\";O:45:\\\"Illuminate\\\\Contracts\\\\Database\\\\ModelIdentifier\\\":5:{s:5:\\\"class\\\";s:15:\\\"App\\\\Models\\\\Cart\\\";s:2:\\\"id\\\";a:1:{i:0;i:14;}s:9:\\\"relations\\\";a:1:{i:0;s:7:\\\"product\\\";}s:10:\\\"connection\\\";s:5:\\\"mysql\\\";s:15:\\\"collectionClass\\\";N;}s:5:\\\"delay\\\";O:25:\\\"Illuminate\\\\Support\\\\Carbon\\\":3:{s:4:\\\"date\\\";s:26:\\\"2024-01-25 15:13:16.647041\\\";s:13:\\\"timezone_type\\\";i:3;s:8:\\\"timezone\\\";s:3:\\\"UTC\\\";}}\"}}', 'ErrorException: Undefined variable $title in C:\\xampp\\htdocs\\shopbanhangkhoapham\\storage\\framework\\views\\be4a7d9b68c89d4822e1794e446157b5.php:2\nStack trace:\n#0 C:\\xampp\\htdocs\\shopbanhangkhoapham\\vendor\\laravel\\framework\\src\\Illuminate\\Foundation\\Bootstrap\\HandleExceptions.php(254): Illuminate\\Foundation\\Bootstrap\\HandleExceptions->handleError(2, \'Undefined varia...\', \'C:\\\\xampp\\\\htdocs...\', 2)\n#1 C:\\xampp\\htdocs\\shopbanhangkhoapham\\storage\\framework\\views\\be4a7d9b68c89d4822e1794e446157b5.php(2): Illuminate\\Foundation\\Bootstrap\\HandleExceptions->Illuminate\\Foundation\\Bootstrap\\{closure}(2, \'Undefined varia...\', \'C:\\\\xampp\\\\htdocs...\', 2)\n#2 C:\\xampp\\htdocs\\shopbanhangkhoapham\\vendor\\laravel\\framework\\src\\Illuminate\\Filesystem\\Filesystem.php(124): require(\'C:\\\\xampp\\\\htdocs...\')\n#3 C:\\xampp\\htdocs\\shopbanhangkhoapham\\vendor\\laravel\\framework\\src\\Illuminate\\Filesystem\\Filesystem.php(125): Illuminate\\Filesystem\\Filesystem::Illuminate\\Filesystem\\{closure}()\n#4 C:\\xampp\\htdocs\\shopbanhangkhoapham\\vendor\\laravel\\framework\\src\\Illuminate\\View\\Engines\\PhpEngine.php(58): Illuminate\\Filesystem\\Filesystem->getRequire(\'C:\\\\xampp\\\\htdocs...\', Array)\n#5 C:\\xampp\\htdocs\\shopbanhangkhoapham\\vendor\\laravel\\framework\\src\\Illuminate\\View\\Engines\\CompilerEngine.php(72): Illuminate\\View\\Engines\\PhpEngine->evaluatePath(\'C:\\\\xampp\\\\htdocs...\', Array)\n#6 C:\\xampp\\htdocs\\shopbanhangkhoapham\\vendor\\laravel\\framework\\src\\Illuminate\\View\\View.php(207): Illuminate\\View\\Engines\\CompilerEngine->get(\'C:\\\\xampp\\\\htdocs...\', Array)\n#7 C:\\xampp\\htdocs\\shopbanhangkhoapham\\vendor\\laravel\\framework\\src\\Illuminate\\View\\View.php(190): Illuminate\\View\\View->getContents()\n#8 C:\\xampp\\htdocs\\shopbanhangkhoapham\\vendor\\laravel\\framework\\src\\Illuminate\\View\\View.php(159): Illuminate\\View\\View->renderContents()\n#9 C:\\xampp\\htdocs\\shopbanhangkhoapham\\storage\\framework\\views\\fdd55bd3d6bbe29b3fd1e621c68b8ea5.php(3): Illuminate\\View\\View->render()\n#10 C:\\xampp\\htdocs\\shopbanhangkhoapham\\vendor\\laravel\\framework\\src\\Illuminate\\Filesystem\\Filesystem.php(124): require(\'C:\\\\xampp\\\\htdocs...\')\n#11 C:\\xampp\\htdocs\\shopbanhangkhoapham\\vendor\\laravel\\framework\\src\\Illuminate\\Filesystem\\Filesystem.php(125): Illuminate\\Filesystem\\Filesystem::Illuminate\\Filesystem\\{closure}()\n#12 C:\\xampp\\htdocs\\shopbanhangkhoapham\\vendor\\laravel\\framework\\src\\Illuminate\\View\\Engines\\PhpEngine.php(58): Illuminate\\Filesystem\\Filesystem->getRequire(\'C:\\\\xampp\\\\htdocs...\', Array)\n#13 C:\\xampp\\htdocs\\shopbanhangkhoapham\\vendor\\laravel\\framework\\src\\Illuminate\\View\\Engines\\CompilerEngine.php(72): Illuminate\\View\\Engines\\PhpEngine->evaluatePath(\'C:\\\\xampp\\\\htdocs...\', Array)\n#14 C:\\xampp\\htdocs\\shopbanhangkhoapham\\vendor\\laravel\\framework\\src\\Illuminate\\View\\View.php(207): Illuminate\\View\\Engines\\CompilerEngine->get(\'C:\\\\xampp\\\\htdocs...\', Array)\n#15 C:\\xampp\\htdocs\\shopbanhangkhoapham\\vendor\\laravel\\framework\\src\\Illuminate\\View\\View.php(190): Illuminate\\View\\View->getContents()\n#16 C:\\xampp\\htdocs\\shopbanhangkhoapham\\vendor\\laravel\\framework\\src\\Illuminate\\View\\View.php(159): Illuminate\\View\\View->renderContents()\n#17 C:\\xampp\\htdocs\\shopbanhangkhoapham\\storage\\framework\\views\\74021e546194a6669173db88a679d736.php(36): Illuminate\\View\\View->render()\n#18 C:\\xampp\\htdocs\\shopbanhangkhoapham\\vendor\\laravel\\framework\\src\\Illuminate\\Filesystem\\Filesystem.php(124): require(\'C:\\\\xampp\\\\htdocs...\')\n#19 C:\\xampp\\htdocs\\shopbanhangkhoapham\\vendor\\laravel\\framework\\src\\Illuminate\\Filesystem\\Filesystem.php(125): Illuminate\\Filesystem\\Filesystem::Illuminate\\Filesystem\\{closure}()\n#20 C:\\xampp\\htdocs\\shopbanhangkhoapham\\vendor\\laravel\\framework\\src\\Illuminate\\View\\Engines\\PhpEngine.php(58): Illuminate\\Filesystem\\Filesystem->getRequire(\'C:\\\\xampp\\\\htdocs...\', Array)\n#21 C:\\xampp\\htdocs\\shopbanhangkhoapham\\vendor\\laravel\\framework\\src\\Illuminate\\View\\Engines\\CompilerEngine.php(72): Illuminate\\View\\Engines\\PhpEngine->evaluatePath(\'C:\\\\xampp\\\\htdocs...\', Array)\n#22 C:\\xampp\\htdocs\\shopbanhangkhoapham\\vendor\\laravel\\framework\\src\\Illuminate\\View\\View.php(207): Illuminate\\View\\Engines\\CompilerEngine->get(\'C:\\\\xampp\\\\htdocs...\', Array)\n#23 C:\\xampp\\htdocs\\shopbanhangkhoapham\\vendor\\laravel\\framework\\src\\Illuminate\\View\\View.php(190): Illuminate\\View\\View->getContents()\n#24 C:\\xampp\\htdocs\\shopbanhangkhoapham\\vendor\\laravel\\framework\\src\\Illuminate\\View\\View.php(159): Illuminate\\View\\View->renderContents()\n#25 C:\\xampp\\htdocs\\shopbanhangkhoapham\\vendor\\laravel\\framework\\src\\Illuminate\\Mail\\Mailer.php(433): Illuminate\\View\\View->render()\n#26 C:\\xampp\\htdocs\\shopbanhangkhoapham\\vendor\\laravel\\framework\\src\\Illuminate\\Mail\\Mailer.php(408): Illuminate\\Mail\\Mailer->renderView(\'mail.success\', Array)\n#27 C:\\xampp\\htdocs\\shopbanhangkhoapham\\vendor\\laravel\\framework\\src\\Illuminate\\Mail\\Mailer.php(320): Illuminate\\Mail\\Mailer->addContent(Object(Illuminate\\Mail\\Message), \'mail.success\', NULL, NULL, Array)\n#28 C:\\xampp\\htdocs\\shopbanhangkhoapham\\vendor\\laravel\\framework\\src\\Illuminate\\Mail\\Mailable.php(213): Illuminate\\Mail\\Mailer->send(\'mail.success\', Array, Object(Closure))\n#29 C:\\xampp\\htdocs\\shopbanhangkhoapham\\vendor\\laravel\\framework\\src\\Illuminate\\Support\\Traits\\Localizable.php(19): Illuminate\\Mail\\Mailable->Illuminate\\Mail\\{closure}()\n#30 C:\\xampp\\htdocs\\shopbanhangkhoapham\\vendor\\laravel\\framework\\src\\Illuminate\\Mail\\Mailable.php(214): Illuminate\\Mail\\Mailable->withLocale(NULL, Object(Closure))\n#31 C:\\xampp\\htdocs\\shopbanhangkhoapham\\vendor\\laravel\\framework\\src\\Illuminate\\Mail\\Mailer.php(357): Illuminate\\Mail\\Mailable->send(Object(Illuminate\\Mail\\Mailer))\n#32 C:\\xampp\\htdocs\\shopbanhangkhoapham\\vendor\\laravel\\framework\\src\\Illuminate\\Mail\\Mailer.php(301): Illuminate\\Mail\\Mailer->sendMailable(Object(App\\Mail\\OrderShipped))\n#33 C:\\xampp\\htdocs\\shopbanhangkhoapham\\vendor\\laravel\\framework\\src\\Illuminate\\Mail\\PendingMail.php(124): Illuminate\\Mail\\Mailer->send(Object(App\\Mail\\OrderShipped))\n#34 C:\\xampp\\htdocs\\shopbanhangkhoapham\\app\\Jobs\\SendMail.php(36): Illuminate\\Mail\\PendingMail->send(Object(App\\Mail\\OrderShipped))\n#35 C:\\xampp\\htdocs\\shopbanhangkhoapham\\vendor\\laravel\\framework\\src\\Illuminate\\Container\\BoundMethod.php(36): App\\Jobs\\SendMail->handle()\n#36 C:\\xampp\\htdocs\\shopbanhangkhoapham\\vendor\\laravel\\framework\\src\\Illuminate\\Container\\Util.php(41): Illuminate\\Container\\BoundMethod::Illuminate\\Container\\{closure}()\n#37 C:\\xampp\\htdocs\\shopbanhangkhoapham\\vendor\\laravel\\framework\\src\\Illuminate\\Container\\BoundMethod.php(93): Illuminate\\Container\\Util::unwrapIfClosure(Object(Closure))\n#38 C:\\xampp\\htdocs\\shopbanhangkhoapham\\vendor\\laravel\\framework\\src\\Illuminate\\Container\\BoundMethod.php(37): Illuminate\\Container\\BoundMethod::callBoundMethod(Object(Illuminate\\Foundation\\Application), Array, Object(Closure))\n#39 C:\\xampp\\htdocs\\shopbanhangkhoapham\\vendor\\laravel\\framework\\src\\Illuminate\\Container\\Container.php(662): Illuminate\\Container\\BoundMethod::call(Object(Illuminate\\Foundation\\Application), Array, Array, NULL)\n#40 C:\\xampp\\htdocs\\shopbanhangkhoapham\\vendor\\laravel\\framework\\src\\Illuminate\\Bus\\Dispatcher.php(128): Illuminate\\Container\\Container->call(Array)\n#41 C:\\xampp\\htdocs\\shopbanhangkhoapham\\vendor\\laravel\\framework\\src\\Illuminate\\Pipeline\\Pipeline.php(144): Illuminate\\Bus\\Dispatcher->Illuminate\\Bus\\{closure}(Object(App\\Jobs\\SendMail))\n#42 C:\\xampp\\htdocs\\shopbanhangkhoapham\\vendor\\laravel\\framework\\src\\Illuminate\\Pipeline\\Pipeline.php(119): Illuminate\\Pipeline\\Pipeline->Illuminate\\Pipeline\\{closure}(Object(App\\Jobs\\SendMail))\n#43 C:\\xampp\\htdocs\\shopbanhangkhoapham\\vendor\\laravel\\framework\\src\\Illuminate\\Bus\\Dispatcher.php(132): Illuminate\\Pipeline\\Pipeline->then(Object(Closure))\n#44 C:\\xampp\\htdocs\\shopbanhangkhoapham\\vendor\\laravel\\framework\\src\\Illuminate\\Queue\\CallQueuedHandler.php(124): Illuminate\\Bus\\Dispatcher->dispatchNow(Object(App\\Jobs\\SendMail), false)\n#45 C:\\xampp\\htdocs\\shopbanhangkhoapham\\vendor\\laravel\\framework\\src\\Illuminate\\Pipeline\\Pipeline.php(144): Illuminate\\Queue\\CallQueuedHandler->Illuminate\\Queue\\{closure}(Object(App\\Jobs\\SendMail))\n#46 C:\\xampp\\htdocs\\shopbanhangkhoapham\\vendor\\laravel\\framework\\src\\Illuminate\\Pipeline\\Pipeline.php(119): Illuminate\\Pipeline\\Pipeline->Illuminate\\Pipeline\\{closure}(Object(App\\Jobs\\SendMail))\n#47 C:\\xampp\\htdocs\\shopbanhangkhoapham\\vendor\\laravel\\framework\\src\\Illuminate\\Queue\\CallQueuedHandler.php(126): Illuminate\\Pipeline\\Pipeline->then(Object(Closure))\n#48 C:\\xampp\\htdocs\\shopbanhangkhoapham\\vendor\\laravel\\framework\\src\\Illuminate\\Queue\\CallQueuedHandler.php(70): Illuminate\\Queue\\CallQueuedHandler->dispatchThroughMiddleware(Object(Illuminate\\Queue\\Jobs\\DatabaseJob), Object(App\\Jobs\\SendMail))\n#49 C:\\xampp\\htdocs\\shopbanhangkhoapham\\vendor\\laravel\\framework\\src\\Illuminate\\Queue\\Jobs\\Job.php(102): Illuminate\\Queue\\CallQueuedHandler->call(Object(Illuminate\\Queue\\Jobs\\DatabaseJob), Array)\n#50 C:\\xampp\\htdocs\\shopbanhangkhoapham\\vendor\\laravel\\framework\\src\\Illuminate\\Queue\\Worker.php(439): Illuminate\\Queue\\Jobs\\Job->fire()\n#51 C:\\xampp\\htdocs\\shopbanhangkhoapham\\vendor\\laravel\\framework\\src\\Illuminate\\Queue\\Worker.php(389): Illuminate\\Queue\\Worker->process(\'database\', Object(Illuminate\\Queue\\Jobs\\DatabaseJob), Object(Illuminate\\Queue\\WorkerOptions))\n#52 C:\\xampp\\htdocs\\shopbanhangkhoapham\\vendor\\laravel\\framework\\src\\Illuminate\\Queue\\Worker.php(176): Illuminate\\Queue\\Worker->runJob(Object(Illuminate\\Queue\\Jobs\\DatabaseJob), \'database\', Object(Illuminate\\Queue\\WorkerOptions))\n#53 C:\\xampp\\htdocs\\shopbanhangkhoapham\\vendor\\laravel\\framework\\src\\Illuminate\\Queue\\Console\\WorkCommand.php(138): Illuminate\\Queue\\Worker->daemon(\'database\', \'default\', Object(Illuminate\\Queue\\WorkerOptions))\n#54 C:\\xampp\\htdocs\\shopbanhangkhoapham\\vendor\\laravel\\framework\\src\\Illuminate\\Queue\\Console\\WorkCommand.php(121): Illuminate\\Queue\\Console\\WorkCommand->runWorker(\'database\', \'default\')\n#55 C:\\xampp\\htdocs\\shopbanhangkhoapham\\vendor\\laravel\\framework\\src\\Illuminate\\Container\\BoundMethod.php(36): Illuminate\\Queue\\Console\\WorkCommand->handle()\n#56 C:\\xampp\\htdocs\\shopbanhangkhoapham\\vendor\\laravel\\framework\\src\\Illuminate\\Container\\Util.php(41): Illuminate\\Container\\BoundMethod::Illuminate\\Container\\{closure}()\n#57 C:\\xampp\\htdocs\\shopbanhangkhoapham\\vendor\\laravel\\framework\\src\\Illuminate\\Container\\BoundMethod.php(93): Illuminate\\Container\\Util::unwrapIfClosure(Object(Closure))\n#58 C:\\xampp\\htdocs\\shopbanhangkhoapham\\vendor\\laravel\\framework\\src\\Illuminate\\Container\\BoundMethod.php(37): Illuminate\\Container\\BoundMethod::callBoundMethod(Object(Illuminate\\Foundation\\Application), Array, Object(Closure))\n#59 C:\\xampp\\htdocs\\shopbanhangkhoapham\\vendor\\laravel\\framework\\src\\Illuminate\\Container\\Container.php(662): Illuminate\\Container\\BoundMethod::call(Object(Illuminate\\Foundation\\Application), Array, Array, NULL)\n#60 C:\\xampp\\htdocs\\shopbanhangkhoapham\\vendor\\laravel\\framework\\src\\Illuminate\\Console\\Command.php(211): Illuminate\\Container\\Container->call(Array)\n#61 C:\\xampp\\htdocs\\shopbanhangkhoapham\\vendor\\symfony\\console\\Command\\Command.php(326): Illuminate\\Console\\Command->execute(Object(Symfony\\Component\\Console\\Input\\ArgvInput), Object(Illuminate\\Console\\OutputStyle))\n#62 C:\\xampp\\htdocs\\shopbanhangkhoapham\\vendor\\laravel\\framework\\src\\Illuminate\\Console\\Command.php(181): Symfony\\Component\\Console\\Command\\Command->run(Object(Symfony\\Component\\Console\\Input\\ArgvInput), Object(Illuminate\\Console\\OutputStyle))\n#63 C:\\xampp\\htdocs\\shopbanhangkhoapham\\vendor\\symfony\\console\\Application.php(1096): Illuminate\\Console\\Command->run(Object(Symfony\\Component\\Console\\Input\\ArgvInput), Object(Symfony\\Component\\Console\\Output\\ConsoleOutput))\n#64 C:\\xampp\\htdocs\\shopbanhangkhoapham\\vendor\\symfony\\console\\Application.php(324): Symfony\\Component\\Console\\Application->doRunCommand(Object(Illuminate\\Queue\\Console\\WorkCommand), Object(Symfony\\Component\\Console\\Input\\ArgvInput), Object(Symfony\\Component\\Console\\Output\\ConsoleOutput))\n#65 C:\\xampp\\htdocs\\shopbanhangkhoapham\\vendor\\symfony\\console\\Application.php(175): Symfony\\Component\\Console\\Application->doRun(Object(Symfony\\Component\\Console\\Input\\ArgvInput), Object(Symfony\\Component\\Console\\Output\\ConsoleOutput))\n#66 C:\\xampp\\htdocs\\shopbanhangkhoapham\\vendor\\laravel\\framework\\src\\Illuminate\\Foundation\\Console\\Kernel.php(201): Symfony\\Component\\Console\\Application->run(Object(Symfony\\Component\\Console\\Input\\ArgvInput), Object(Symfony\\Component\\Console\\Output\\ConsoleOutput))\n#67 C:\\xampp\\htdocs\\shopbanhangkhoapham\\artisan(37): Illuminate\\Foundation\\Console\\Kernel->handle(Object(Symfony\\Component\\Console\\Input\\ArgvInput), Object(Symfony\\Component\\Console\\Output\\ConsoleOutput))\n#68 {main}\n\nNext Illuminate\\View\\ViewException: Undefined variable $title (View: C:\\xampp\\htdocs\\shopbanhangkhoapham\\resources\\views\\head.blade.php) in C:\\xampp\\htdocs\\shopbanhangkhoapham\\storage\\framework\\views\\be4a7d9b68c89d4822e1794e446157b5.php:2\nStack trace:\n#0 C:\\xampp\\htdocs\\shopbanhangkhoapham\\vendor\\laravel\\framework\\src\\Illuminate\\View\\Engines\\PhpEngine.php(60): Illuminate\\View\\Engines\\CompilerEngine->handleViewException(Object(ErrorException), 2)\n#1 C:\\xampp\\htdocs\\shopbanhangkhoapham\\vendor\\laravel\\framework\\src\\Illuminate\\View\\Engines\\CompilerEngine.php(72): Illuminate\\View\\Engines\\PhpEngine->evaluatePath(\'C:\\\\xampp\\\\htdocs...\', Array)\n#2 C:\\xampp\\htdocs\\shopbanhangkhoapham\\vendor\\laravel\\framework\\src\\Illuminate\\View\\View.php(207): Illuminate\\View\\Engines\\CompilerEngine->get(\'C:\\\\xampp\\\\htdocs...\', Array)\n#3 C:\\xampp\\htdocs\\shopbanhangkhoapham\\vendor\\laravel\\framework\\src\\Illuminate\\View\\View.php(190): Illuminate\\View\\View->getContents()\n#4 C:\\xampp\\htdocs\\shopbanhangkhoapham\\vendor\\laravel\\framework\\src\\Illuminate\\View\\View.php(159): Illuminate\\View\\View->renderContents()\n#5 C:\\xampp\\htdocs\\shopbanhangkhoapham\\storage\\framework\\views\\fdd55bd3d6bbe29b3fd1e621c68b8ea5.php(3): Illuminate\\View\\View->render()\n#6 C:\\xampp\\htdocs\\shopbanhangkhoapham\\vendor\\laravel\\framework\\src\\Illuminate\\Filesystem\\Filesystem.php(124): require(\'C:\\\\xampp\\\\htdocs...\')\n#7 C:\\xampp\\htdocs\\shopbanhangkhoapham\\vendor\\laravel\\framework\\src\\Illuminate\\Filesystem\\Filesystem.php(125): Illuminate\\Filesystem\\Filesystem::Illuminate\\Filesystem\\{closure}()\n#8 C:\\xampp\\htdocs\\shopbanhangkhoapham\\vendor\\laravel\\framework\\src\\Illuminate\\View\\Engines\\PhpEngine.php(58): Illuminate\\Filesystem\\Filesystem->getRequire(\'C:\\\\xampp\\\\htdocs...\', Array)\n#9 C:\\xampp\\htdocs\\shopbanhangkhoapham\\vendor\\laravel\\framework\\src\\Illuminate\\View\\Engines\\CompilerEngine.php(72): Illuminate\\View\\Engines\\PhpEngine->evaluatePath(\'C:\\\\xampp\\\\htdocs...\', Array)\n#10 C:\\xampp\\htdocs\\shopbanhangkhoapham\\vendor\\laravel\\framework\\src\\Illuminate\\View\\View.php(207): Illuminate\\View\\Engines\\CompilerEngine->get(\'C:\\\\xampp\\\\htdocs...\', Array)\n#11 C:\\xampp\\htdocs\\shopbanhangkhoapham\\vendor\\laravel\\framework\\src\\Illuminate\\View\\View.php(190): Illuminate\\View\\View->getContents()\n#12 C:\\xampp\\htdocs\\shopbanhangkhoapham\\vendor\\laravel\\framework\\src\\Illuminate\\View\\View.php(159): Illuminate\\View\\View->renderContents()\n#13 C:\\xampp\\htdocs\\shopbanhangkhoapham\\storage\\framework\\views\\74021e546194a6669173db88a679d736.php(36): Illuminate\\View\\View->render()\n#14 C:\\xampp\\htdocs\\shopbanhangkhoapham\\vendor\\laravel\\framework\\src\\Illuminate\\Filesystem\\Filesystem.php(124): require(\'C:\\\\xampp\\\\htdocs...\')\n#15 C:\\xampp\\htdocs\\shopbanhangkhoapham\\vendor\\laravel\\framework\\src\\Illuminate\\Filesystem\\Filesystem.php(125): Illuminate\\Filesystem\\Filesystem::Illuminate\\Filesystem\\{closure}()\n#16 C:\\xampp\\htdocs\\shopbanhangkhoapham\\vendor\\laravel\\framework\\src\\Illuminate\\View\\Engines\\PhpEngine.php(58): Illuminate\\Filesystem\\Filesystem->getRequire(\'C:\\\\xampp\\\\htdocs...\', Array)\n#17 C:\\xampp\\htdocs\\shopbanhangkhoapham\\vendor\\laravel\\framework\\src\\Illuminate\\View\\Engines\\CompilerEngine.php(72): Illuminate\\View\\Engines\\PhpEngine->evaluatePath(\'C:\\\\xampp\\\\htdocs...\', Array)\n#18 C:\\xampp\\htdocs\\shopbanhangkhoapham\\vendor\\laravel\\framework\\src\\Illuminate\\View\\View.php(207): Illuminate\\View\\Engines\\CompilerEngine->get(\'C:\\\\xampp\\\\htdocs...\', Array)\n#19 C:\\xampp\\htdocs\\shopbanhangkhoapham\\vendor\\laravel\\framework\\src\\Illuminate\\View\\View.php(190): Illuminate\\View\\View->getContents()\n#20 C:\\xampp\\htdocs\\shopbanhangkhoapham\\vendor\\laravel\\framework\\src\\Illuminate\\View\\View.php(159): Illuminate\\View\\View->renderContents()\n#21 C:\\xampp\\htdocs\\shopbanhangkhoapham\\vendor\\laravel\\framework\\src\\Illuminate\\Mail\\Mailer.php(433): Illuminate\\View\\View->render()\n#22 C:\\xampp\\htdocs\\shopbanhangkhoapham\\vendor\\laravel\\framework\\src\\Illuminate\\Mail\\Mailer.php(408): Illuminate\\Mail\\Mailer->renderView(\'mail.success\', Array)\n#23 C:\\xampp\\htdocs\\shopbanhangkhoapham\\vendor\\laravel\\framework\\src\\Illuminate\\Mail\\Mailer.php(320): Illuminate\\Mail\\Mailer->addContent(Object(Illuminate\\Mail\\Message), \'mail.success\', NULL, NULL, Array)\n#24 C:\\xampp\\htdocs\\shopbanhangkhoapham\\vendor\\laravel\\framework\\src\\Illuminate\\Mail\\Mailable.php(213): Illuminate\\Mail\\Mailer->send(\'mail.success\', Array, Object(Closure))\n#25 C:\\xampp\\htdocs\\shopbanhangkhoapham\\vendor\\laravel\\framework\\src\\Illuminate\\Support\\Traits\\Localizable.php(19): Illuminate\\Mail\\Mailable->Illuminate\\Mail\\{closure}()\n#26 C:\\xampp\\htdocs\\shopbanhangkhoapham\\vendor\\laravel\\framework\\src\\Illuminate\\Mail\\Mailable.php(214): Illuminate\\Mail\\Mailable->withLocale(NULL, Object(Closure))\n#27 C:\\xampp\\htdocs\\shopbanhangkhoapham\\vendor\\laravel\\framework\\src\\Illuminate\\Mail\\Mailer.php(357): Illuminate\\Mail\\Mailable->send(Object(Illuminate\\Mail\\Mailer))\n#28 C:\\xampp\\htdocs\\shopbanhangkhoapham\\vendor\\laravel\\framework\\src\\Illuminate\\Mail\\Mailer.php(301): Illuminate\\Mail\\Mailer->sendMailable(Object(App\\Mail\\OrderShipped))\n#29 C:\\xampp\\htdocs\\shopbanhangkhoapham\\vendor\\laravel\\framework\\src\\Illuminate\\Mail\\PendingMail.php(124): Illuminate\\Mail\\Mailer->send(Object(App\\Mail\\OrderShipped))\n#30 C:\\xampp\\htdocs\\shopbanhangkhoapham\\app\\Jobs\\SendMail.php(36): Illuminate\\Mail\\PendingMail->send(Object(App\\Mail\\OrderShipped))\n#31 C:\\xampp\\htdocs\\shopbanhangkhoapham\\vendor\\laravel\\framework\\src\\Illuminate\\Container\\BoundMethod.php(36): App\\Jobs\\SendMail->handle()\n#32 C:\\xampp\\htdocs\\shopbanhangkhoapham\\vendor\\laravel\\framework\\src\\Illuminate\\Container\\Util.php(41): Illuminate\\Container\\BoundMethod::Illuminate\\Container\\{closure}()\n#33 C:\\xampp\\htdocs\\shopbanhangkhoapham\\vendor\\laravel\\framework\\src\\Illuminate\\Container\\BoundMethod.php(93): Illuminate\\Container\\Util::unwrapIfClosure(Object(Closure))\n#34 C:\\xampp\\htdocs\\shopbanhangkhoapham\\vendor\\laravel\\framework\\src\\Illuminate\\Container\\BoundMethod.php(37): Illuminate\\Container\\BoundMethod::callBoundMethod(Object(Illuminate\\Foundation\\Application), Array, Object(Closure))\n#35 C:\\xampp\\htdocs\\shopbanhangkhoapham\\vendor\\laravel\\framework\\src\\Illuminate\\Container\\Container.php(662): Illuminate\\Container\\BoundMethod::call(Object(Illuminate\\Foundation\\Application), Array, Array, NULL)\n#36 C:\\xampp\\htdocs\\shopbanhangkhoapham\\vendor\\laravel\\framework\\src\\Illuminate\\Bus\\Dispatcher.php(128): Illuminate\\Container\\Container->call(Array)\n#37 C:\\xampp\\htdocs\\shopbanhangkhoapham\\vendor\\laravel\\framework\\src\\Illuminate\\Pipeline\\Pipeline.php(144): Illuminate\\Bus\\Dispatcher->Illuminate\\Bus\\{closure}(Object(App\\Jobs\\SendMail))\n#38 C:\\xampp\\htdocs\\shopbanhangkhoapham\\vendor\\laravel\\framework\\src\\Illuminate\\Pipeline\\Pipeline.php(119): Illuminate\\Pipeline\\Pipeline->Illuminate\\Pipeline\\{closure}(Object(App\\Jobs\\SendMail))\n#39 C:\\xampp\\htdocs\\shopbanhangkhoapham\\vendor\\laravel\\framework\\src\\Illuminate\\Bus\\Dispatcher.php(132): Illuminate\\Pipeline\\Pipeline->then(Object(Closure))\n#40 C:\\xampp\\htdocs\\shopbanhangkhoapham\\vendor\\laravel\\framework\\src\\Illuminate\\Queue\\CallQueuedHandler.php(124): Illuminate\\Bus\\Dispatcher->dispatchNow(Object(App\\Jobs\\SendMail), false)\n#41 C:\\xampp\\htdocs\\shopbanhangkhoapham\\vendor\\laravel\\framework\\src\\Illuminate\\Pipeline\\Pipeline.php(144): Illuminate\\Queue\\CallQueuedHandler->Illuminate\\Queue\\{closure}(Object(App\\Jobs\\SendMail))\n#42 C:\\xampp\\htdocs\\shopbanhangkhoapham\\vendor\\laravel\\framework\\src\\Illuminate\\Pipeline\\Pipeline.php(119): Illuminate\\Pipeline\\Pipeline->Illuminate\\Pipeline\\{closure}(Object(App\\Jobs\\SendMail))\n#43 C:\\xampp\\htdocs\\shopbanhangkhoapham\\vendor\\laravel\\framework\\src\\Illuminate\\Queue\\CallQueuedHandler.php(126): Illuminate\\Pipeline\\Pipeline->then(Object(Closure))\n#44 C:\\xampp\\htdocs\\shopbanhangkhoapham\\vendor\\laravel\\framework\\src\\Illuminate\\Queue\\CallQueuedHandler.php(70): Illuminate\\Queue\\CallQueuedHandler->dispatchThroughMiddleware(Object(Illuminate\\Queue\\Jobs\\DatabaseJob), Object(App\\Jobs\\SendMail))\n#45 C:\\xampp\\htdocs\\shopbanhangkhoapham\\vendor\\laravel\\framework\\src\\Illuminate\\Queue\\Jobs\\Job.php(102): Illuminate\\Queue\\CallQueuedHandler->call(Object(Illuminate\\Queue\\Jobs\\DatabaseJob), Array)\n#46 C:\\xampp\\htdocs\\shopbanhangkhoapham\\vendor\\laravel\\framework\\src\\Illuminate\\Queue\\Worker.php(439): Illuminate\\Queue\\Jobs\\Job->fire()\n#47 C:\\xampp\\htdocs\\shopbanhangkhoapham\\vendor\\laravel\\framework\\src\\Illuminate\\Queue\\Worker.php(389): Illuminate\\Queue\\Worker->process(\'database\', Object(Illuminate\\Queue\\Jobs\\DatabaseJob), Object(Illuminate\\Queue\\WorkerOptions))\n#48 C:\\xampp\\htdocs\\shopbanhangkhoapham\\vendor\\laravel\\framework\\src\\Illuminate\\Queue\\Worker.php(176): Illuminate\\Queue\\Worker->runJob(Object(Illuminate\\Queue\\Jobs\\DatabaseJob), \'database\', Object(Illuminate\\Queue\\WorkerOptions))\n#49 C:\\xampp\\htdocs\\shopbanhangkhoapham\\vendor\\laravel\\framework\\src\\Illuminate\\Queue\\Console\\WorkCommand.php(138): Illuminate\\Queue\\Worker->daemon(\'database\', \'default\', Object(Illuminate\\Queue\\WorkerOptions))\n#50 C:\\xampp\\htdocs\\shopbanhangkhoapham\\vendor\\laravel\\framework\\src\\Illuminate\\Queue\\Console\\WorkCommand.php(121): Illuminate\\Queue\\Console\\WorkCommand->runWorker(\'database\', \'default\')\n#51 C:\\xampp\\htdocs\\shopbanhangkhoapham\\vendor\\laravel\\framework\\src\\Illuminate\\Container\\BoundMethod.php(36): Illuminate\\Queue\\Console\\WorkCommand->handle()\n#52 C:\\xampp\\htdocs\\shopbanhangkhoapham\\vendor\\laravel\\framework\\src\\Illuminate\\Container\\Util.php(41): Illuminate\\Container\\BoundMethod::Illuminate\\Container\\{closure}()\n#53 C:\\xampp\\htdocs\\shopbanhangkhoapham\\vendor\\laravel\\framework\\src\\Illuminate\\Container\\BoundMethod.php(93): Illuminate\\Container\\Util::unwrapIfClosure(Object(Closure))\n#54 C:\\xampp\\htdocs\\shopbanhangkhoapham\\vendor\\laravel\\framework\\src\\Illuminate\\Container\\BoundMethod.php(37): Illuminate\\Container\\BoundMethod::callBoundMethod(Object(Illuminate\\Foundation\\Application), Array, Object(Closure))\n#55 C:\\xampp\\htdocs\\shopbanhangkhoapham\\vendor\\laravel\\framework\\src\\Illuminate\\Container\\Container.php(662): Illuminate\\Container\\BoundMethod::call(Object(Illuminate\\Foundation\\Application), Array, Array, NULL)\n#56 C:\\xampp\\htdocs\\shopbanhangkhoapham\\vendor\\laravel\\framework\\src\\Illuminate\\Console\\Command.php(211): Illuminate\\Container\\Container->call(Array)\n#57 C:\\xampp\\htdocs\\shopbanhangkhoapham\\vendor\\symfony\\console\\Command\\Command.php(326): Illuminate\\Console\\Command->execute(Object(Symfony\\Component\\Console\\Input\\ArgvInput), Object(Illuminate\\Console\\OutputStyle))\n#58 C:\\xampp\\htdocs\\shopbanhangkhoapham\\vendor\\laravel\\framework\\src\\Illuminate\\Console\\Command.php(181): Symfony\\Component\\Console\\Command\\Command->run(Object(Symfony\\Component\\Console\\Input\\ArgvInput), Object(Illuminate\\Console\\OutputStyle))\n#59 C:\\xampp\\htdocs\\shopbanhangkhoapham\\vendor\\symfony\\console\\Application.php(1096): Illuminate\\Console\\Command->run(Object(Symfony\\Component\\Console\\Input\\ArgvInput), Object(Symfony\\Component\\Console\\Output\\ConsoleOutput))\n#60 C:\\xampp\\htdocs\\shopbanhangkhoapham\\vendor\\symfony\\console\\Application.php(324): Symfony\\Component\\Console\\Application->doRunCommand(Object(Illuminate\\Queue\\Console\\WorkCommand), Object(Symfony\\Component\\Console\\Input\\ArgvInput), Object(Symfony\\Component\\Console\\Output\\ConsoleOutput))\n#61 C:\\xampp\\htdocs\\shopbanhangkhoapham\\vendor\\symfony\\console\\Application.php(175): Symfony\\Component\\Console\\Application->doRun(Object(Symfony\\Component\\Console\\Input\\ArgvInput), Object(Symfony\\Component\\Console\\Output\\ConsoleOutput))\n#62 C:\\xampp\\htdocs\\shopbanhangkhoapham\\vendor\\laravel\\framework\\src\\Illuminate\\Foundation\\Console\\Kernel.php(201): Symfony\\Component\\Console\\Application->run(Object(Symfony\\Component\\Console\\Input\\ArgvInput), Object(Symfony\\Component\\Console\\Output\\ConsoleOutput))\n#63 C:\\xampp\\htdocs\\shopbanhangkhoapham\\artisan(37): Illuminate\\Foundation\\Console\\Kernel->handle(Object(Symfony\\Component\\Console\\Input\\ArgvInput), Object(Symfony\\Component\\Console\\Output\\ConsoleOutput))\n#64 {main}\n\nNext Illuminate\\View\\ViewException: Undefined variable $title (View: C:\\xampp\\htdocs\\shopbanhangkhoapham\\resources\\views\\head.blade.php) (View: C:\\xampp\\htdocs\\shopbanhangkhoapham\\resources\\views\\head.blade.php) in C:\\xampp\\htdocs\\shopbanhangkhoapham\\storage\\framework\\views\\be4a7d9b68c89d4822e1794e446157b5.php:2\nStack trace:\n#0 C:\\xampp\\htdocs\\shopbanhangkhoapham\\vendor\\laravel\\framework\\src\\Illuminate\\View\\Engines\\PhpEngine.php(60): Illuminate\\View\\Engines\\CompilerEngine->handleViewException(Object(Illuminate\\View\\ViewException), 1)\n#1 C:\\xampp\\htdocs\\shopbanhangkhoapham\\vendor\\laravel\\framework\\src\\Illuminate\\View\\Engines\\CompilerEngine.php(72): Illuminate\\View\\Engines\\PhpEngine->evaluatePath(\'C:\\\\xampp\\\\htdocs...\', Array)\n#2 C:\\xampp\\htdocs\\shopbanhangkhoapham\\vendor\\laravel\\framework\\src\\Illuminate\\View\\View.php(207): Illuminate\\View\\Engines\\CompilerEngine->get(\'C:\\\\xampp\\\\htdocs...\', Array)\n#3 C:\\xampp\\htdocs\\shopbanhangkhoapham\\vendor\\laravel\\framework\\src\\Illuminate\\View\\View.php(190): Illuminate\\View\\View->getContents()\n#4 C:\\xampp\\htdocs\\shopbanhangkhoapham\\vendor\\laravel\\framework\\src\\Illuminate\\View\\View.php(159): Illuminate\\View\\View->renderContents()\n#5 C:\\xampp\\htdocs\\shopbanhangkhoapham\\storage\\framework\\views\\74021e546194a6669173db88a679d736.php(36): Illuminate\\View\\View->render()\n#6 C:\\xampp\\htdocs\\shopbanhangkhoapham\\vendor\\laravel\\framework\\src\\Illuminate\\Filesystem\\Filesystem.php(124): require(\'C:\\\\xampp\\\\htdocs...\')\n#7 C:\\xampp\\htdocs\\shopbanhangkhoapham\\vendor\\laravel\\framework\\src\\Illuminate\\Filesystem\\Filesystem.php(125): Illuminate\\Filesystem\\Filesystem::Illuminate\\Filesystem\\{closure}()\n#8 C:\\xampp\\htdocs\\shopbanhangkhoapham\\vendor\\laravel\\framework\\src\\Illuminate\\View\\Engines\\PhpEngine.php(58): Illuminate\\Filesystem\\Filesystem->getRequire(\'C:\\\\xampp\\\\htdocs...\', Array)\n#9 C:\\xampp\\htdocs\\shopbanhangkhoapham\\vendor\\laravel\\framework\\src\\Illuminate\\View\\Engines\\CompilerEngine.php(72): Illuminate\\View\\Engines\\PhpEngine->evaluatePath(\'C:\\\\xampp\\\\htdocs...\', Array)\n#10 C:\\xampp\\htdocs\\shopbanhangkhoapham\\vendor\\laravel\\framework\\src\\Illuminate\\View\\View.php(207): Illuminate\\View\\Engines\\CompilerEngine->get(\'C:\\\\xampp\\\\htdocs...\', Array)\n#11 C:\\xampp\\htdocs\\shopbanhangkhoapham\\vendor\\laravel\\framework\\src\\Illuminate\\View\\View.php(190): Illuminate\\View\\View->getContents()\n#12 C:\\xampp\\htdocs\\shopbanhangkhoapham\\vendor\\laravel\\framework\\src\\Illuminate\\View\\View.php(159): Illuminate\\View\\View->renderContents()\n#13 C:\\xampp\\htdocs\\shopbanhangkhoapham\\vendor\\laravel\\framework\\src\\Illuminate\\Mail\\Mailer.php(433): Illuminate\\View\\View->render()\n#14 C:\\xampp\\htdocs\\shopbanhangkhoapham\\vendor\\laravel\\framework\\src\\Illuminate\\Mail\\Mailer.php(408): Illuminate\\Mail\\Mailer->renderView(\'mail.success\', Array)\n#15 C:\\xampp\\htdocs\\shopbanhangkhoapham\\vendor\\laravel\\framework\\src\\Illuminate\\Mail\\Mailer.php(320): Illuminate\\Mail\\Mailer->addContent(Object(Illuminate\\Mail\\Message), \'mail.success\', NULL, NULL, Array)\n#16 C:\\xampp\\htdocs\\shopbanhangkhoapham\\vendor\\laravel\\framework\\src\\Illuminate\\Mail\\Mailable.php(213): Illuminate\\Mail\\Mailer->send(\'mail.success\', Array, Object(Closure))\n#17 C:\\xampp\\htdocs\\shopbanhangkhoapham\\vendor\\laravel\\framework\\src\\Illuminate\\Support\\Traits\\Localizable.php(19): Illuminate\\Mail\\Mailable->Illuminate\\Mail\\{closure}()\n#18 C:\\xampp\\htdocs\\shopbanhangkhoapham\\vendor\\laravel\\framework\\src\\Illuminate\\Mail\\Mailable.php(214): Illuminate\\Mail\\Mailable->withLocale(NULL, Object(Closure))\n#19 C:\\xampp\\htdocs\\shopbanhangkhoapham\\vendor\\laravel\\framework\\src\\Illuminate\\Mail\\Mailer.php(357): Illuminate\\Mail\\Mailable->send(Object(Illuminate\\Mail\\Mailer))\n#20 C:\\xampp\\htdocs\\shopbanhangkhoapham\\vendor\\laravel\\framework\\src\\Illuminate\\Mail\\Mailer.php(301): Illuminate\\Mail\\Mailer->sendMailable(Object(App\\Mail\\OrderShipped))\n#21 C:\\xampp\\htdocs\\shopbanhangkhoapham\\vendor\\laravel\\framework\\src\\Illuminate\\Mail\\PendingMail.php(124): Illuminate\\Mail\\Mailer->send(Object(App\\Mail\\OrderShipped))\n#22 C:\\xampp\\htdocs\\shopbanhangkhoapham\\app\\Jobs\\SendMail.php(36): Illuminate\\Mail\\PendingMail->send(Object(App\\Mail\\OrderShipped))\n#23 C:\\xampp\\htdocs\\shopbanhangkhoapham\\vendor\\laravel\\framework\\src\\Illuminate\\Container\\BoundMethod.php(36): App\\Jobs\\SendMail->handle()\n#24 C:\\xampp\\htdocs\\shopbanhangkhoapham\\vendor\\laravel\\framework\\src\\Illuminate\\Container\\Util.php(41): Illuminate\\Container\\BoundMethod::Illuminate\\Container\\{closure}()\n#25 C:\\xampp\\htdocs\\shopbanhangkhoapham\\vendor\\laravel\\framework\\src\\Illuminate\\Container\\BoundMethod.php(93): Illuminate\\Container\\Util::unwrapIfClosure(Object(Closure))\n#26 C:\\xampp\\htdocs\\shopbanhangkhoapham\\vendor\\laravel\\framework\\src\\Illuminate\\Container\\BoundMethod.php(37): Illuminate\\Container\\BoundMethod::callBoundMethod(Object(Illuminate\\Foundation\\Application), Array, Object(Closure))\n#27 C:\\xampp\\htdocs\\shopbanhangkhoapham\\vendor\\laravel\\framework\\src\\Illuminate\\Container\\Container.php(662): Illuminate\\Container\\BoundMethod::call(Object(Illuminate\\Foundation\\Application), Array, Array, NULL)\n#28 C:\\xampp\\htdocs\\shopbanhangkhoapham\\vendor\\laravel\\framework\\src\\Illuminate\\Bus\\Dispatcher.php(128): Illuminate\\Container\\Container->call(Array)\n#29 C:\\xampp\\htdocs\\shopbanhangkhoapham\\vendor\\laravel\\framework\\src\\Illuminate\\Pipeline\\Pipeline.php(144): Illuminate\\Bus\\Dispatcher->Illuminate\\Bus\\{closure}(Object(App\\Jobs\\SendMail))\n#30 C:\\xampp\\htdocs\\shopbanhangkhoapham\\vendor\\laravel\\framework\\src\\Illuminate\\Pipeline\\Pipeline.php(119): Illuminate\\Pipeline\\Pipeline->Illuminate\\Pipeline\\{closure}(Object(App\\Jobs\\SendMail))\n#31 C:\\xampp\\htdocs\\shopbanhangkhoapham\\vendor\\laravel\\framework\\src\\Illuminate\\Bus\\Dispatcher.php(132): Illuminate\\Pipeline\\Pipeline->then(Object(Closure))\n#32 C:\\xampp\\htdocs\\shopbanhangkhoapham\\vendor\\laravel\\framework\\src\\Illuminate\\Queue\\CallQueuedHandler.php(124): Illuminate\\Bus\\Dispatcher->dispatchNow(Object(App\\Jobs\\SendMail), false)\n#33 C:\\xampp\\htdocs\\shopbanhangkhoapham\\vendor\\laravel\\framework\\src\\Illuminate\\Pipeline\\Pipeline.php(144): Illuminate\\Queue\\CallQueuedHandler->Illuminate\\Queue\\{closure}(Object(App\\Jobs\\SendMail))\n#34 C:\\xampp\\htdocs\\shopbanhangkhoapham\\vendor\\laravel\\framework\\src\\Illuminate\\Pipeline\\Pipeline.php(119): Illuminate\\Pipeline\\Pipeline->Illuminate\\Pipeline\\{closure}(Object(App\\Jobs\\SendMail))\n#35 C:\\xampp\\htdocs\\shopbanhangkhoapham\\vendor\\laravel\\framework\\src\\Illuminate\\Queue\\CallQueuedHandler.php(126): Illuminate\\Pipeline\\Pipeline->then(Object(Closure))\n#36 C:\\xampp\\htdocs\\shopbanhangkhoapham\\vendor\\laravel\\framework\\src\\Illuminate\\Queue\\CallQueuedHandler.php(70): Illuminate\\Queue\\CallQueuedHandler->dispatchThroughMiddleware(Object(Illuminate\\Queue\\Jobs\\DatabaseJob), Object(App\\Jobs\\SendMail))\n#37 C:\\xampp\\htdocs\\shopbanhangkhoapham\\vendor\\laravel\\framework\\src\\Illuminate\\Queue\\Jobs\\Job.php(102): Illuminate\\Queue\\CallQueuedHandler->call(Object(Illuminate\\Queue\\Jobs\\DatabaseJob), Array)\n#38 C:\\xampp\\htdocs\\shopbanhangkhoapham\\vendor\\laravel\\framework\\src\\Illuminate\\Queue\\Worker.php(439): Illuminate\\Queue\\Jobs\\Job->fire()\n#39 C:\\xampp\\htdocs\\shopbanhangkhoapham\\vendor\\laravel\\framework\\src\\Illuminate\\Queue\\Worker.php(389): Illuminate\\Queue\\Worker->process(\'database\', Object(Illuminate\\Queue\\Jobs\\DatabaseJob), Object(Illuminate\\Queue\\WorkerOptions))\n#40 C:\\xampp\\htdocs\\shopbanhangkhoapham\\vendor\\laravel\\framework\\src\\Illuminate\\Queue\\Worker.php(176): Illuminate\\Queue\\Worker->runJob(Object(Illuminate\\Queue\\Jobs\\DatabaseJob), \'database\', Object(Illuminate\\Queue\\WorkerOptions))\n#41 C:\\xampp\\htdocs\\shopbanhangkhoapham\\vendor\\laravel\\framework\\src\\Illuminate\\Queue\\Console\\WorkCommand.php(138): Illuminate\\Queue\\Worker->daemon(\'database\', \'default\', Object(Illuminate\\Queue\\WorkerOptions))\n#42 C:\\xampp\\htdocs\\shopbanhangkhoapham\\vendor\\laravel\\framework\\src\\Illuminate\\Queue\\Console\\WorkCommand.php(121): Illuminate\\Queue\\Console\\WorkCommand->runWorker(\'database\', \'default\')\n#43 C:\\xampp\\htdocs\\shopbanhangkhoapham\\vendor\\laravel\\framework\\src\\Illuminate\\Container\\BoundMethod.php(36): Illuminate\\Queue\\Console\\WorkCommand->handle()\n#44 C:\\xampp\\htdocs\\shopbanhangkhoapham\\vendor\\laravel\\framework\\src\\Illuminate\\Container\\Util.php(41): Illuminate\\Container\\BoundMethod::Illuminate\\Container\\{closure}()\n#45 C:\\xampp\\htdocs\\shopbanhangkhoapham\\vendor\\laravel\\framework\\src\\Illuminate\\Container\\BoundMethod.php(93): Illuminate\\Container\\Util::unwrapIfClosure(Object(Closure))\n#46 C:\\xampp\\htdocs\\shopbanhangkhoapham\\vendor\\laravel\\framework\\src\\Illuminate\\Container\\BoundMethod.php(37): Illuminate\\Container\\BoundMethod::callBoundMethod(Object(Illuminate\\Foundation\\Application), Array, Object(Closure))\n#47 C:\\xampp\\htdocs\\shopbanhangkhoapham\\vendor\\laravel\\framework\\src\\Illuminate\\Container\\Container.php(662): Illuminate\\Container\\BoundMethod::call(Object(Illuminate\\Foundation\\Application), Array, Array, NULL)\n#48 C:\\xampp\\htdocs\\shopbanhangkhoapham\\vendor\\laravel\\framework\\src\\Illuminate\\Console\\Command.php(211): Illuminate\\Container\\Container->call(Array)\n#49 C:\\xampp\\htdocs\\shopbanhangkhoapham\\vendor\\symfony\\console\\Command\\Command.php(326): Illuminate\\Console\\Command->execute(Object(Symfony\\Component\\Console\\Input\\ArgvInput), Object(Illuminate\\Console\\OutputStyle))\n#50 C:\\xampp\\htdocs\\shopbanhangkhoapham\\vendor\\laravel\\framework\\src\\Illuminate\\Console\\Command.php(181): Symfony\\Component\\Console\\Command\\Command->run(Object(Symfony\\Component\\Console\\Input\\ArgvInput), Object(Illuminate\\Console\\OutputStyle))\n#51 C:\\xampp\\htdocs\\shopbanhangkhoapham\\vendor\\symfony\\console\\Application.php(1096): Illuminate\\Console\\Command->run(Object(Symfony\\Component\\Console\\Input\\ArgvInput), Object(Symfony\\Component\\Console\\Output\\ConsoleOutput))\n#52 C:\\xampp\\htdocs\\shopbanhangkhoapham\\vendor\\symfony\\console\\Application.php(324): Symfony\\Component\\Console\\Application->doRunCommand(Object(Illuminate\\Queue\\Console\\WorkCommand), Object(Symfony\\Component\\Console\\Input\\ArgvInput), Object(Symfony\\Component\\Console\\Output\\ConsoleOutput))\n#53 C:\\xampp\\htdocs\\shopbanhangkhoapham\\vendor\\symfony\\console\\Application.php(175): Symfony\\Component\\Console\\Application->doRun(Object(Symfony\\Component\\Console\\Input\\ArgvInput), Object(Symfony\\Component\\Console\\Output\\ConsoleOutput))\n#54 C:\\xampp\\htdocs\\shopbanhangkhoapham\\vendor\\laravel\\framework\\src\\Illuminate\\Foundation\\Console\\Kernel.php(201): Symfony\\Component\\Console\\Application->run(Object(Symfony\\Component\\Console\\Input\\ArgvInput), Object(Symfony\\Component\\Console\\Output\\ConsoleOutput))\n#55 C:\\xampp\\htdocs\\shopbanhangkhoapham\\artisan(37): Illuminate\\Foundation\\Console\\Kernel->handle(Object(Symfony\\Component\\Console\\Input\\ArgvInput), Object(Symfony\\Component\\Console\\Output\\ConsoleOutput))\n#56 {main}\n\nNext Illuminate\\View\\ViewException: Undefined variable $title (View: C:\\xampp\\htdocs\\shopbanhangkhoapham\\resources\\views\\head.blade.php) (View: C:\\xampp\\htdocs\\shopbanhangkhoapham\\resources\\views\\head.blade.php) (View: C:\\xampp\\htdocs\\shopbanhangkhoapham\\resources\\views\\head.blade.php) in C:\\xampp\\htdocs\\shopbanhangkhoapham\\storage\\framework\\views\\be4a7d9b68c89d4822e1794e446157b5.php:2\nStack trace:\n#0 C:\\xampp\\htdocs\\shopbanhangkhoapham\\vendor\\laravel\\framework\\src\\Illuminate\\View\\Engines\\PhpEngine.php(60): Illuminate\\View\\Engines\\CompilerEngine->handleViewException(Object(Illuminate\\View\\ViewException), 0)\n#1 C:\\xampp\\htdocs\\shopbanhangkhoapham\\vendor\\laravel\\framework\\src\\Illuminate\\View\\Engines\\CompilerEngine.php(72): Illuminate\\View\\Engines\\PhpEngine->evaluatePath(\'C:\\\\xampp\\\\htdocs...\', Array)\n#2 C:\\xampp\\htdocs\\shopbanhangkhoapham\\vendor\\laravel\\framework\\src\\Illuminate\\View\\View.php(207): Illuminate\\View\\Engines\\CompilerEngine->get(\'C:\\\\xampp\\\\htdocs...\', Array)\n#3 C:\\xampp\\htdocs\\shopbanhangkhoapham\\vendor\\laravel\\framework\\src\\Illuminate\\View\\View.php(190): Illuminate\\View\\View->getContents()\n#4 C:\\xampp\\htdocs\\shopbanhangkhoapham\\vendor\\laravel\\framework\\src\\Illuminate\\View\\View.php(159): Illuminate\\View\\View->renderContents()\n#5 C:\\xampp\\htdocs\\shopbanhangkhoapham\\vendor\\laravel\\framework\\src\\Illuminate\\Mail\\Mailer.php(433): Illuminate\\View\\View->render()\n#6 C:\\xampp\\htdocs\\shopbanhangkhoapham\\vendor\\laravel\\framework\\src\\Illuminate\\Mail\\Mailer.php(408): Illuminate\\Mail\\Mailer->renderView(\'mail.success\', Array)\n#7 C:\\xampp\\htdocs\\shopbanhangkhoapham\\vendor\\laravel\\framework\\src\\Illuminate\\Mail\\Mailer.php(320): Illuminate\\Mail\\Mailer->addContent(Object(Illuminate\\Mail\\Message), \'mail.success\', NULL, NULL, Array)\n#8 C:\\xampp\\htdocs\\shopbanhangkhoapham\\vendor\\laravel\\framework\\src\\Illuminate\\Mail\\Mailable.php(213): Illuminate\\Mail\\Mailer->send(\'mail.success\', Array, Object(Closure))\n#9 C:\\xampp\\htdocs\\shopbanhangkhoapham\\vendor\\laravel\\framework\\src\\Illuminate\\Support\\Traits\\Localizable.php(19): Illuminate\\Mail\\Mailable->Illuminate\\Mail\\{closure}()\n#10 C:\\xampp\\htdocs\\shopbanhangkhoapham\\vendor\\laravel\\framework\\src\\Illuminate\\Mail\\Mailable.php(214): Illuminate\\Mail\\Mailable->withLocale(NULL, Object(Closure))\n#11 C:\\xampp\\htdocs\\shopbanhangkhoapham\\vendor\\laravel\\framework\\src\\Illuminate\\Mail\\Mailer.php(357): Illuminate\\Mail\\Mailable->send(Object(Illuminate\\Mail\\Mailer))\n#12 C:\\xampp\\htdocs\\shopbanhangkhoapham\\vendor\\laravel\\framework\\src\\Illuminate\\Mail\\Mailer.php(301): Illuminate\\Mail\\Mailer->sendMailable(Object(App\\Mail\\OrderShipped))\n#13 C:\\xampp\\htdocs\\shopbanhangkhoapham\\vendor\\laravel\\framework\\src\\Illuminate\\Mail\\PendingMail.php(124): Illuminate\\Mail\\Mailer->send(Object(App\\Mail\\OrderShipped))\n#14 C:\\xampp\\htdocs\\shopbanhangkhoapham\\app\\Jobs\\SendMail.php(36): Illuminate\\Mail\\PendingMail->send(Object(App\\Mail\\OrderShipped))\n#15 C:\\xampp\\htdocs\\shopbanhangkhoapham\\vendor\\laravel\\framework\\src\\Illuminate\\Container\\BoundMethod.php(36): App\\Jobs\\SendMail->handle()\n#16 C:\\xampp\\htdocs\\shopbanhangkhoapham\\vendor\\laravel\\framework\\src\\Illuminate\\Container\\Util.php(41): Illuminate\\Container\\BoundMethod::Illuminate\\Container\\{closure}()\n#17 C:\\xampp\\htdocs\\shopbanhangkhoapham\\vendor\\laravel\\framework\\src\\Illuminate\\Container\\BoundMethod.php(93): Illuminate\\Container\\Util::unwrapIfClosure(Object(Closure))\n#18 C:\\xampp\\htdocs\\shopbanhangkhoapham\\vendor\\laravel\\framework\\src\\Illuminate\\Container\\BoundMethod.php(37): Illuminate\\Container\\BoundMethod::callBoundMethod(Object(Illuminate\\Foundation\\Application), Array, Object(Closure))\n#19 C:\\xampp\\htdocs\\shopbanhangkhoapham\\vendor\\laravel\\framework\\src\\Illuminate\\Container\\Container.php(662): Illuminate\\Container\\BoundMethod::call(Object(Illuminate\\Foundation\\Application), Array, Array, NULL)\n#20 C:\\xampp\\htdocs\\shopbanhangkhoapham\\vendor\\laravel\\framework\\src\\Illuminate\\Bus\\Dispatcher.php(128): Illuminate\\Container\\Container->call(Array)\n#21 C:\\xampp\\htdocs\\shopbanhangkhoapham\\vendor\\laravel\\framework\\src\\Illuminate\\Pipeline\\Pipeline.php(144): Illuminate\\Bus\\Dispatcher->Illuminate\\Bus\\{closure}(Object(App\\Jobs\\SendMail))\n#22 C:\\xampp\\htdocs\\shopbanhangkhoapham\\vendor\\laravel\\framework\\src\\Illuminate\\Pipeline\\Pipeline.php(119): Illuminate\\Pipeline\\Pipeline->Illuminate\\Pipeline\\{closure}(Object(App\\Jobs\\SendMail))\n#23 C:\\xampp\\htdocs\\shopbanhangkhoapham\\vendor\\laravel\\framework\\src\\Illuminate\\Bus\\Dispatcher.php(132): Illuminate\\Pipeline\\Pipeline->then(Object(Closure))\n#24 C:\\xampp\\htdocs\\shopbanhangkhoapham\\vendor\\laravel\\framework\\src\\Illuminate\\Queue\\CallQueuedHandler.php(124): Illuminate\\Bus\\Dispatcher->dispatchNow(Object(App\\Jobs\\SendMail), false)\n#25 C:\\xampp\\htdocs\\shopbanhangkhoapham\\vendor\\laravel\\framework\\src\\Illuminate\\Pipeline\\Pipeline.php(144): Illuminate\\Queue\\CallQueuedHandler->Illuminate\\Queue\\{closure}(Object(App\\Jobs\\SendMail))\n#26 C:\\xampp\\htdocs\\shopbanhangkhoapham\\vendor\\laravel\\framework\\src\\Illuminate\\Pipeline\\Pipeline.php(119): Illuminate\\Pipeline\\Pipeline->Illuminate\\Pipeline\\{closure}(Object(App\\Jobs\\SendMail))\n#27 C:\\xampp\\htdocs\\shopbanhangkhoapham\\vendor\\laravel\\framework\\src\\Illuminate\\Queue\\CallQueuedHandler.php(126): Illuminate\\Pipeline\\Pipeline->then(Object(Closure))\n#28 C:\\xampp\\htdocs\\shopbanhangkhoapham\\vendor\\laravel\\framework\\src\\Illuminate\\Queue\\CallQueuedHandler.php(70): Illuminate\\Queue\\CallQueuedHandler->dispatchThroughMiddleware(Object(Illuminate\\Queue\\Jobs\\DatabaseJob), Object(App\\Jobs\\SendMail))\n#29 C:\\xampp\\htdocs\\shopbanhangkhoapham\\vendor\\laravel\\framework\\src\\Illuminate\\Queue\\Jobs\\Job.php(102): Illuminate\\Queue\\CallQueuedHandler->call(Object(Illuminate\\Queue\\Jobs\\DatabaseJob), Array)\n#30 C:\\xampp\\htdocs\\shopbanhangkhoapham\\vendor\\laravel\\framework\\src\\Illuminate\\Queue\\Worker.php(439): Illuminate\\Queue\\Jobs\\Job->fire()\n#31 C:\\xampp\\htdocs\\shopbanhangkhoapham\\vendor\\laravel\\framework\\src\\Illuminate\\Queue\\Worker.php(389): Illuminate\\Queue\\Worker->process(\'database\', Object(Illuminate\\Queue\\Jobs\\DatabaseJob), Object(Illuminate\\Queue\\WorkerOptions))\n#32 C:\\xampp\\htdocs\\shopbanhangkhoapham\\vendor\\laravel\\framework\\src\\Illuminate\\Queue\\Worker.php(176): Illuminate\\Queue\\Worker->runJob(Object(Illuminate\\Queue\\Jobs\\DatabaseJob), \'database\', Object(Illuminate\\Queue\\WorkerOptions))\n#33 C:\\xampp\\htdocs\\shopbanhangkhoapham\\vendor\\laravel\\framework\\src\\Illuminate\\Queue\\Console\\WorkCommand.php(138): Illuminate\\Queue\\Worker->daemon(\'database\', \'default\', Object(Illuminate\\Queue\\WorkerOptions))\n#34 C:\\xampp\\htdocs\\shopbanhangkhoapham\\vendor\\laravel\\framework\\src\\Illuminate\\Queue\\Console\\WorkCommand.php(121): Illuminate\\Queue\\Console\\WorkCommand->runWorker(\'database\', \'default\')\n#35 C:\\xampp\\htdocs\\shopbanhangkhoapham\\vendor\\laravel\\framework\\src\\Illuminate\\Container\\BoundMethod.php(36): Illuminate\\Queue\\Console\\WorkCommand->handle()\n#36 C:\\xampp\\htdocs\\shopbanhangkhoapham\\vendor\\laravel\\framework\\src\\Illuminate\\Container\\Util.php(41): Illuminate\\Container\\BoundMethod::Illuminate\\Container\\{closure}()\n#37 C:\\xampp\\htdocs\\shopbanhangkhoapham\\vendor\\laravel\\framework\\src\\Illuminate\\Container\\BoundMethod.php(93): Illuminate\\Container\\Util::unwrapIfClosure(Object(Closure))\n#38 C:\\xampp\\htdocs\\shopbanhangkhoapham\\vendor\\laravel\\framework\\src\\Illuminate\\Container\\BoundMethod.php(37): Illuminate\\Container\\BoundMethod::callBoundMethod(Object(Illuminate\\Foundation\\Application), Array, Object(Closure))\n#39 C:\\xampp\\htdocs\\shopbanhangkhoapham\\vendor\\laravel\\framework\\src\\Illuminate\\Container\\Container.php(662): Illuminate\\Container\\BoundMethod::call(Object(Illuminate\\Foundation\\Application), Array, Array, NULL)\n#40 C:\\xampp\\htdocs\\shopbanhangkhoapham\\vendor\\laravel\\framework\\src\\Illuminate\\Console\\Command.php(211): Illuminate\\Container\\Container->call(Array)\n#41 C:\\xampp\\htdocs\\shopbanhangkhoapham\\vendor\\symfony\\console\\Command\\Command.php(326): Illuminate\\Console\\Command->execute(Object(Symfony\\Component\\Console\\Input\\ArgvInput), Object(Illuminate\\Console\\OutputStyle))\n#42 C:\\xampp\\htdocs\\shopbanhangkhoapham\\vendor\\laravel\\framework\\src\\Illuminate\\Console\\Command.php(181): Symfony\\Component\\Console\\Command\\Command->run(Object(Symfony\\Component\\Console\\Input\\ArgvInput), Object(Illuminate\\Console\\OutputStyle))\n#43 C:\\xampp\\htdocs\\shopbanhangkhoapham\\vendor\\symfony\\console\\Application.php(1096): Illuminate\\Console\\Command->run(Object(Symfony\\Component\\Console\\Input\\ArgvInput), Object(Symfony\\Component\\Console\\Output\\ConsoleOutput))\n#44 C:\\xampp\\htdocs\\shopbanhangkhoapham\\vendor\\symfony\\console\\Application.php(324): Symfony\\Component\\Console\\Application->doRunCommand(Object(Illuminate\\Queue\\Console\\WorkCommand), Object(Symfony\\Component\\Console\\Input\\ArgvInput), Object(Symfony\\Component\\Console\\Output\\ConsoleOutput))\n#45 C:\\xampp\\htdocs\\shopbanhangkhoapham\\vendor\\symfony\\console\\Application.php(175): Symfony\\Component\\Console\\Application->doRun(Object(Symfony\\Component\\Console\\Input\\ArgvInput), Object(Symfony\\Component\\Console\\Output\\ConsoleOutput))\n#46 C:\\xampp\\htdocs\\shopbanhangkhoapham\\vendor\\laravel\\framework\\src\\Illuminate\\Foundation\\Console\\Kernel.php(201): Symfony\\Component\\Console\\Application->run(Object(Symfony\\Component\\Console\\Input\\ArgvInput), Object(Symfony\\Component\\Console\\Output\\ConsoleOutput))\n#47 C:\\xampp\\htdocs\\shopbanhangkhoapham\\artisan(37): Illuminate\\Foundation\\Console\\Kernel->handle(Object(Symfony\\Component\\Console\\Input\\ArgvInput), Object(Symfony\\Component\\Console\\Output\\ConsoleOutput))\n#48 {main}', '2024-01-25 08:13:18');
INSERT INTO `failed_jobs` (`id`, `uuid`, `connection`, `queue`, `payload`, `exception`, `failed_at`) VALUES
(7, '17969f2a-0a64-4f1a-a5a1-cdc520c7fcbe', 'database', 'default', '{\"uuid\":\"17969f2a-0a64-4f1a-a5a1-cdc520c7fcbe\",\"displayName\":\"App\\\\Jobs\\\\SendMail\",\"job\":\"Illuminate\\\\Queue\\\\CallQueuedHandler@call\",\"maxTries\":null,\"maxExceptions\":null,\"failOnTimeout\":false,\"backoff\":null,\"timeout\":null,\"retryUntil\":null,\"data\":{\"commandName\":\"App\\\\Jobs\\\\SendMail\",\"command\":\"O:17:\\\"App\\\\Jobs\\\\SendMail\\\":3:{s:8:\\\"\\u0000*\\u0000email\\\";s:20:\\\"cuong69pro@gmail.com\\\";s:8:\\\"\\u0000*\\u0000carts\\\";O:45:\\\"Illuminate\\\\Contracts\\\\Database\\\\ModelIdentifier\\\":5:{s:5:\\\"class\\\";s:15:\\\"App\\\\Models\\\\Cart\\\";s:2:\\\"id\\\";a:1:{i:0;i:15;}s:9:\\\"relations\\\";a:1:{i:0;s:7:\\\"product\\\";}s:10:\\\"connection\\\";s:5:\\\"mysql\\\";s:15:\\\"collectionClass\\\";N;}s:5:\\\"delay\\\";O:25:\\\"Illuminate\\\\Support\\\\Carbon\\\":3:{s:4:\\\"date\\\";s:26:\\\"2024-01-25 15:14:58.625634\\\";s:13:\\\"timezone_type\\\";i:3;s:8:\\\"timezone\\\";s:3:\\\"UTC\\\";}}\"}}', 'Illuminate\\Queue\\MaxAttemptsExceededException: App\\Jobs\\SendMail has been attempted too many times. in C:\\xampp\\htdocs\\shopbanhangkhoapham\\vendor\\laravel\\framework\\src\\Illuminate\\Queue\\MaxAttemptsExceededException.php:24\nStack trace:\n#0 C:\\xampp\\htdocs\\shopbanhangkhoapham\\vendor\\laravel\\framework\\src\\Illuminate\\Queue\\Worker.php(785): Illuminate\\Queue\\MaxAttemptsExceededException::forJob(Object(Illuminate\\Queue\\Jobs\\DatabaseJob))\n#1 C:\\xampp\\htdocs\\shopbanhangkhoapham\\vendor\\laravel\\framework\\src\\Illuminate\\Queue\\Worker.php(519): Illuminate\\Queue\\Worker->maxAttemptsExceededException(Object(Illuminate\\Queue\\Jobs\\DatabaseJob))\n#2 C:\\xampp\\htdocs\\shopbanhangkhoapham\\vendor\\laravel\\framework\\src\\Illuminate\\Queue\\Worker.php(429): Illuminate\\Queue\\Worker->markJobAsFailedIfAlreadyExceedsMaxAttempts(\'database\', Object(Illuminate\\Queue\\Jobs\\DatabaseJob), 1)\n#3 C:\\xampp\\htdocs\\shopbanhangkhoapham\\vendor\\laravel\\framework\\src\\Illuminate\\Queue\\Worker.php(389): Illuminate\\Queue\\Worker->process(\'database\', Object(Illuminate\\Queue\\Jobs\\DatabaseJob), Object(Illuminate\\Queue\\WorkerOptions))\n#4 C:\\xampp\\htdocs\\shopbanhangkhoapham\\vendor\\laravel\\framework\\src\\Illuminate\\Queue\\Worker.php(176): Illuminate\\Queue\\Worker->runJob(Object(Illuminate\\Queue\\Jobs\\DatabaseJob), \'database\', Object(Illuminate\\Queue\\WorkerOptions))\n#5 C:\\xampp\\htdocs\\shopbanhangkhoapham\\vendor\\laravel\\framework\\src\\Illuminate\\Queue\\Console\\WorkCommand.php(138): Illuminate\\Queue\\Worker->daemon(\'database\', \'default\', Object(Illuminate\\Queue\\WorkerOptions))\n#6 C:\\xampp\\htdocs\\shopbanhangkhoapham\\vendor\\laravel\\framework\\src\\Illuminate\\Queue\\Console\\WorkCommand.php(121): Illuminate\\Queue\\Console\\WorkCommand->runWorker(\'database\', \'default\')\n#7 C:\\xampp\\htdocs\\shopbanhangkhoapham\\vendor\\laravel\\framework\\src\\Illuminate\\Container\\BoundMethod.php(36): Illuminate\\Queue\\Console\\WorkCommand->handle()\n#8 C:\\xampp\\htdocs\\shopbanhangkhoapham\\vendor\\laravel\\framework\\src\\Illuminate\\Container\\Util.php(41): Illuminate\\Container\\BoundMethod::Illuminate\\Container\\{closure}()\n#9 C:\\xampp\\htdocs\\shopbanhangkhoapham\\vendor\\laravel\\framework\\src\\Illuminate\\Container\\BoundMethod.php(93): Illuminate\\Container\\Util::unwrapIfClosure(Object(Closure))\n#10 C:\\xampp\\htdocs\\shopbanhangkhoapham\\vendor\\laravel\\framework\\src\\Illuminate\\Container\\BoundMethod.php(37): Illuminate\\Container\\BoundMethod::callBoundMethod(Object(Illuminate\\Foundation\\Application), Array, Object(Closure))\n#11 C:\\xampp\\htdocs\\shopbanhangkhoapham\\vendor\\laravel\\framework\\src\\Illuminate\\Container\\Container.php(662): Illuminate\\Container\\BoundMethod::call(Object(Illuminate\\Foundation\\Application), Array, Array, NULL)\n#12 C:\\xampp\\htdocs\\shopbanhangkhoapham\\vendor\\laravel\\framework\\src\\Illuminate\\Console\\Command.php(211): Illuminate\\Container\\Container->call(Array)\n#13 C:\\xampp\\htdocs\\shopbanhangkhoapham\\vendor\\symfony\\console\\Command\\Command.php(326): Illuminate\\Console\\Command->execute(Object(Symfony\\Component\\Console\\Input\\ArgvInput), Object(Illuminate\\Console\\OutputStyle))\n#14 C:\\xampp\\htdocs\\shopbanhangkhoapham\\vendor\\laravel\\framework\\src\\Illuminate\\Console\\Command.php(181): Symfony\\Component\\Console\\Command\\Command->run(Object(Symfony\\Component\\Console\\Input\\ArgvInput), Object(Illuminate\\Console\\OutputStyle))\n#15 C:\\xampp\\htdocs\\shopbanhangkhoapham\\vendor\\symfony\\console\\Application.php(1096): Illuminate\\Console\\Command->run(Object(Symfony\\Component\\Console\\Input\\ArgvInput), Object(Symfony\\Component\\Console\\Output\\ConsoleOutput))\n#16 C:\\xampp\\htdocs\\shopbanhangkhoapham\\vendor\\symfony\\console\\Application.php(324): Symfony\\Component\\Console\\Application->doRunCommand(Object(Illuminate\\Queue\\Console\\WorkCommand), Object(Symfony\\Component\\Console\\Input\\ArgvInput), Object(Symfony\\Component\\Console\\Output\\ConsoleOutput))\n#17 C:\\xampp\\htdocs\\shopbanhangkhoapham\\vendor\\symfony\\console\\Application.php(175): Symfony\\Component\\Console\\Application->doRun(Object(Symfony\\Component\\Console\\Input\\ArgvInput), Object(Symfony\\Component\\Console\\Output\\ConsoleOutput))\n#18 C:\\xampp\\htdocs\\shopbanhangkhoapham\\vendor\\laravel\\framework\\src\\Illuminate\\Foundation\\Console\\Kernel.php(201): Symfony\\Component\\Console\\Application->run(Object(Symfony\\Component\\Console\\Input\\ArgvInput), Object(Symfony\\Component\\Console\\Output\\ConsoleOutput))\n#19 C:\\xampp\\htdocs\\shopbanhangkhoapham\\artisan(37): Illuminate\\Foundation\\Console\\Kernel->handle(Object(Symfony\\Component\\Console\\Input\\ArgvInput), Object(Symfony\\Component\\Console\\Output\\ConsoleOutput))\n#20 {main}', '2024-01-25 08:23:57');

-- --------------------------------------------------------

--
-- Cấu trúc bảng cho bảng `jobs`
--

CREATE TABLE `jobs` (
  `id` bigint(20) UNSIGNED NOT NULL,
  `queue` varchar(255) NOT NULL,
  `payload` longtext NOT NULL,
  `attempts` tinyint(3) UNSIGNED NOT NULL,
  `reserved_at` int(10) UNSIGNED DEFAULT NULL,
  `available_at` int(10) UNSIGNED NOT NULL,
  `created_at` int(10) UNSIGNED NOT NULL
) ENGINE=InnoDB DEFAULT CHARSET=utf8mb4 COLLATE=utf8mb4_unicode_ci;

-- --------------------------------------------------------

--
-- Cấu trúc bảng cho bảng `menus`
--

CREATE TABLE `menus` (
  `id` bigint(20) UNSIGNED NOT NULL,
  `name` varchar(255) NOT NULL,
  `parent_id` bigint(20) UNSIGNED NOT NULL,
  `description` text NOT NULL,
  `content` longtext NOT NULL,
  `slug` varchar(255) NOT NULL,
  `active` int(11) NOT NULL,
  `created_at` timestamp NULL DEFAULT NULL,
  `updated_at` timestamp NULL DEFAULT NULL
) ENGINE=InnoDB DEFAULT CHARSET=utf8mb4 COLLATE=utf8mb4_unicode_ci;

--
-- Đang đổ dữ liệu cho bảng `menus`
--

INSERT INTO `menus` (`id`, `name`, `parent_id`, `description`, `content`, `slug`, `active`, `created_at`, `updated_at`) VALUES
(1, 'Áo thun nam', 0, 'Áo thun nam', '<p>Áo thun nam</p>', 'ao-thun-nam', 1, '2023-12-09 08:00:45', '2023-12-09 08:00:45'),
(2, 'Áo khoác gió', 0, 'Áo khoác gió', '<p>Áo khoác gió</p>', 'ao-khoac-gio', 1, '2023-12-09 08:01:01', '2023-12-09 08:01:01'),
(3, 'Quần short nam', 0, 'Quần short nam', '<p>Quần short nam</p>', 'quan-short-nam', 1, '2023-12-09 08:01:30', '2023-12-09 08:01:30'),
(4, 'Áo thun nam rẻ', 1, 'Áo thun nam rẻ', '<p>Áo thun nam rẻ</p>', 'ao-thun-nam-re', 1, '2023-12-09 08:01:49', '2023-12-09 08:01:49'),
(5, 'Đồng Hồ Nam', 0, 'Đồng Hồ Nam', '<p>Đồng Hồ Nam</p>', 'dong-ho-nam', 1, '2024-01-03 08:04:53', '2024-01-03 08:04:53'),
(6, 'Giầy Nam', 0, 'Giầy Nam', '<p>Giầy Nam</p>', 'giay-nam', 1, '2024-01-03 08:05:13', '2024-01-03 08:05:13');

-- --------------------------------------------------------

--
-- Cấu trúc bảng cho bảng `migrations`
--

CREATE TABLE `migrations` (
  `id` int(10) UNSIGNED NOT NULL,
  `migration` varchar(255) NOT NULL,
  `batch` int(11) NOT NULL
) ENGINE=InnoDB DEFAULT CHARSET=utf8mb4 COLLATE=utf8mb4_unicode_ci;

--
-- Đang đổ dữ liệu cho bảng `migrations`
--

INSERT INTO `migrations` (`id`, `migration`, `batch`) VALUES
(1, '2014_10_12_000000_create_users_table', 1),
(2, '2014_10_12_100000_create_password_reset_tokens_table', 1),
(3, '2019_08_19_000000_create_failed_jobs_table', 1),
(4, '2019_12_14_000001_create_personal_access_tokens_table', 1),
(9, '2023_12_02_141128_create_menus_table', 2),
(11, '2023_12_04_172703_create_products_table', 3),
(12, '2023_12_21_135312_create_sliders_table', 4),
(16, '2024_01_21_133345_create_customers_table', 5),
(17, '2024_01_21_133412_create_carts_table', 5),
(18, '2024_01_22_152914_create_jobs_table', 6),
(20, '2024_01_26_144351_create_comments_table', 7);

-- --------------------------------------------------------

--
-- Cấu trúc bảng cho bảng `password_reset_tokens`
--

CREATE TABLE `password_reset_tokens` (
  `email` varchar(255) NOT NULL,
  `token` varchar(255) NOT NULL,
  `created_at` timestamp NULL DEFAULT NULL
) ENGINE=InnoDB DEFAULT CHARSET=utf8mb4 COLLATE=utf8mb4_unicode_ci;

-- --------------------------------------------------------

--
-- Cấu trúc bảng cho bảng `personal_access_tokens`
--

CREATE TABLE `personal_access_tokens` (
  `id` bigint(20) UNSIGNED NOT NULL,
  `tokenable_type` varchar(255) NOT NULL,
  `tokenable_id` bigint(20) UNSIGNED NOT NULL,
  `name` varchar(255) NOT NULL,
  `token` varchar(64) NOT NULL,
  `abilities` text DEFAULT NULL,
  `last_used_at` timestamp NULL DEFAULT NULL,
  `expires_at` timestamp NULL DEFAULT NULL,
  `created_at` timestamp NULL DEFAULT NULL,
  `updated_at` timestamp NULL DEFAULT NULL
) ENGINE=InnoDB DEFAULT CHARSET=utf8mb4 COLLATE=utf8mb4_unicode_ci;

-- --------------------------------------------------------

--
-- Cấu trúc bảng cho bảng `products`
--

CREATE TABLE `products` (
  `id` bigint(20) UNSIGNED NOT NULL,
  `name` varchar(255) NOT NULL,
  `description` text NOT NULL,
  `content` longtext NOT NULL,
  `menu_id` bigint(20) UNSIGNED NOT NULL,
  `price` decimal(8,2) NOT NULL,
  `price_sale` decimal(8,2) NOT NULL,
  `thumb` varchar(255) NOT NULL,
  `active` int(11) NOT NULL,
  `created_at` timestamp NULL DEFAULT NULL,
  `updated_at` timestamp NULL DEFAULT NULL
) ENGINE=InnoDB DEFAULT CHARSET=utf8mb4 COLLATE=utf8mb4_unicode_ci;

--
-- Đang đổ dữ liệu cho bảng `products`
--

INSERT INTO `products` (`id`, `name`, `description`, `content`, `menu_id`, `price`, `price_sale`, `thumb`, `active`, `created_at`, `updated_at`) VALUES
(1, 'Áo thun nam nhập khẩu từ nước ngoài', 'Áo thun nam nhập khẩu từ nước ngoài', '<p>&Aacute;o Kho&aacute;c Nỉ Nam D&agrave;i Tay Cổ Tr&ugrave;m Họa Tiết In Chữ Form Rộng Phong C&aacute;ch H&agrave;n Quốc Thời Trang Zenkonu AO KHOAC NAM 052</p>\r\n\r\n<p>* TH&Ocirc;NG TIN SẢN PHẨM:</p>\r\n\r\n<p>🔸Ch&acirc;t liệu: vải nỉ b&ocirc;ng mềm mại, thấm h&uacute;t mồ h&ocirc;i.</p>\r\n\r\n<p>🔸 K&iacute;ch thước: S M L XL</p>\r\n\r\n<p>🔸 Xuất xứ: Việt Nam</p>\r\n\r\n<p>Với thiết kế trẻ trung năng động, ph&ugrave; hợp nhiều ho&agrave;n cảnh, phong c&aacute;ch Ulzzang cập nhập xu hướng mới nhất.</p>\r\n\r\n<p>* Chi tiết Size:</p>\r\n\r\n<p>Size S: cho bạn c&oacute; c&acirc;n nặng từ 45 - 50kg t&ugrave;y chiều cao</p>\r\n\r\n<p>Size M: cho bạn c&oacute; c&acirc;n nặng từ 50 - 55kg t&ugrave;y chiều cao</p>\r\n\r\n<p>Size L: cho bạn c&oacute; c&acirc;n nặng từ 55 - 60kg t&ugrave;y chiều cao</p>\r\n\r\n<p>Size XL: cho bạn c&oacute; c&acirc;n nặng từ 60 - 65kg t&ugrave;y chiều cao</p>\r\n\r\n<p>🔰 Th&ocirc;ng tin th&ecirc;m:</p>\r\n\r\n<p>- Để bảo quản &aacute;o cũng như chất liệu h&igrave;nh in, shop khuy&ecirc;n bạn lộn mặt tr&aacute;i khi giặt v&agrave; ủi nha</p>\r\n\r\n<p>- Bảng size chỉ mang t&iacute;nh chất tham khảo, t&ugrave;y thuộc h&igrave;nh thể mỗi người v&agrave; chất liệu n&ecirc;n c&oacute; ch&ecirc;nh lệch. H&atilde;y ibox cho shop khi cần tư vấn cụ thể nha ^^</p>\r\n\r\n<p>H&atilde;y theo d&otilde;i để ủng hộ shop v&agrave; cập nhập c&aacute;c chương tr&igrave;nh khuyến m&atilde;i cũng như c&aacute;c mẫu sản phẩm mới nhất của shop nh&eacute;!</p>\r\n\r\n<p>🔸 Lưu &yacute;: Shop chỉ hỗ trợ xử l&yacute; đơn h&agrave;ng đổi trả trong v&ograve;ng 15 ng&agrave;y kể từ khi giao h&agrave;ng th&agrave;nh c&ocirc;ng!</p>\r\n\r\n<p><img src=\"https://down-vn.img.susercontent.com/file/vn-11134208-7r98o-ln2r5hscbizcae\" style=\"height:invalid-value; width:invalid-value\" /></p>\r\n\r\n<p><img src=\"https://down-vn.img.susercontent.com/file/vn-11134208-7r98o-ln2r5ht6prdkeb\" style=\"height:invalid-value; width:invalid-value\" /></p>\r\n\r\n<p><img src=\"https://down-vn.img.susercontent.com/file/vn-11134208-7r98o-ln2r5hsccxjs40\" style=\"height:invalid-value; width:invalid-value\" /></p>\r\n\r\n<p><img src=\"https://down-vn.img.susercontent.com/file/vn-11134208-7r98o-ln2r5hscec48cb\" style=\"height:invalid-value; width:invalid-value\" /></p>', 1, '230000.00', '200000.00', '/storage/uploads/2023/12/21/1.jpg', 1, '2023-12-09 08:29:43', '2024-01-16 08:26:43'),
(3, 'Quần áo phong cách', 'Quần áo phong cách', '<p>Chất liệu: chất jean</p>\r\n\r\n<p>Đ&uacute;ng với m&ocirc; tả: đ&uacute;ng m&ocirc; tả</p>\r\n\r\n<p>M&agrave;u sắc: m&agrave;u đen</p>\r\n\r\n<p>đ&atilde; nhận được h&agrave;ng v&agrave; sử dụng thử thấy sản phẩm rất tốt thường c&aacute;c quần đen mua ở shop kh&aacute;c ra m&agrave;u kinh khủng m&agrave; quần b&ecirc;n shop rất oki luon ạ, from d&aacute;ng &ocirc;m l&ecirc;n d&aacute;ng đẹp đ&uacute;ng theo &yacute; m&igrave;nh lu&ocirc;n, quần vải co d&atilde;n vận động kh&aacute; l&agrave; thoải m&aacute;i. b&ecirc;n shop tư vấn size chuẩn hỗ trợ nhanh nhiệt t&igrave;nh. l&ecirc;n mua nh&eacute; mn</p>\r\n\r\n<p>0:05</p>\r\n\r\n<p>Phản Hồi Của Người B&aacute;n</p>\r\n\r\n<p>Cảm ơn bạn đ&atilde; tin tưởng v&agrave; lựa chọn mua h&agrave;ng tại PTZ Menswear . H&atilde;y FOLLOW shop v&agrave; gh&eacute; shop thường xuy&ecirc;n để nhận ưu đ&atilde;i trải nghiệm những sản phẩm mới nhất tại shop. Nếu c&oacute; vấn đề g&igrave; chưa h&agrave;i l&ograve;ng h&atilde;y nhắn lại ngay cho shop để được hỗ trợ v&agrave; xử l&iacute; nhanh nhất ạ. Shop lu&ocirc;n hy vọng được tiếp tục đồng h&agrave;nh c&ugrave;ng bạn</p>', 1, '230000.00', '200000.00', '/storage/uploads/2024/01/03/product-01.jpg', 1, '2024-01-03 08:01:16', '2024-01-16 08:25:51'),
(4, 'Áo thun gì gì đó', 'Áo thun gì gì đó', '<p>&Aacute;o thun g&igrave; g&igrave; đ&oacute;</p>', 4, '200000.00', '150000.00', '/storage/uploads/2024/01/03/product-02.jpg', 1, '2024-01-03 08:01:51', '2024-01-03 08:01:51'),
(5, 'Sản phẩm giảm giá', 'Sản phẩm giảm giá', '<p>Sản phẩm giảm gi&aacute;</p>', 2, '230000.00', '190000.00', '/storage/uploads/2024/01/03/product-03.jpg', 1, '2024-01-03 08:02:20', '2024-01-03 08:02:20'),
(6, 'Quần short nam giá rẻ nhập khẩu', 'Quần short nam giá rẻ nhập khẩu', '<p>Quần short nam gi&aacute; rẻ nhập khẩu</p>', 3, '200000.00', '160000.00', '/storage/uploads/2024/01/03/product-04.jpg', 1, '2024-01-03 08:03:15', '2024-01-03 08:03:15'),
(7, 'Front Pocket Jumper', 'Front Pocket Jumper', '<p><a href=\"http://localhost/shopbanhangkhoapham/public/product-detail.html\">Front Pocket Jumper</a></p>', 1, '180000.00', '150000.00', '/storage/uploads/2024/01/03/product-05.jpg', 1, '2024-01-03 08:04:05', '2024-01-03 08:04:05'),
(8, 'Vintage Inspired Classic', 'Vintage Inspired Classic', '<p><a href=\"http://localhost/shopbanhangkhoapham/public/product-detail.html\">Vintage Inspired Classic</a></p>', 5, '500000.00', '460000.00', '/storage/uploads/2024/01/03/product-06.jpg', 1, '2024-01-03 08:06:05', '2024-01-03 08:06:05'),
(9, 'Giầy Cao Cổ', 'Giầy Cao Cổ', '<p>Giầy Cao Cổ</p>', 1, '400000.00', '340000.00', '/storage/uploads/2024/01/03/product-09.jpg', 1, '2024-01-03 08:06:41', '2024-01-03 08:06:41'),
(26, 'Quần áo phong cách', 'Quần áo phong cách', '<p>Quần &aacute;o phong c&aacute;ch</p>', 1, '230000.00', '200000.00', '/storage/uploads/2024/01/03/product-01.jpg', 1, '2024-01-03 01:01:16', '2024-01-03 01:01:16'),
(27, 'Áo thun gì gì đó', 'Áo thun gì gì đó', '<p>&Aacute;o thun g&igrave; g&igrave; đ&oacute;</p>', 4, '200000.00', '150000.00', '/storage/uploads/2024/01/03/product-02.jpg', 1, '2024-01-03 01:01:51', '2024-01-03 01:01:51'),
(28, 'Sản phẩm giảm giá', 'Sản phẩm giảm giá', '<p>Sản phẩm giảm gi&aacute;</p>', 2, '230000.00', '190000.00', '/storage/uploads/2024/01/03/product-03.jpg', 1, '2024-01-03 01:02:20', '2024-01-03 01:02:20'),
(29, 'Quần short nam giá rẻ nhập khẩu', 'Quần short nam giá rẻ nhập khẩu', '<p>Quần short nam gi&aacute; rẻ nhập khẩu</p>', 3, '200000.00', '160000.00', '/storage/uploads/2024/01/03/product-04.jpg', 1, '2024-01-03 01:03:15', '2024-01-03 01:03:15'),
(30, 'Front Pocket Jumper', 'Front Pocket Jumper', '<p><a href=\"http://localhost/shopbanhangkhoapham/public/product-detail.html\">Front Pocket Jumper</a></p>', 1, '180000.00', '150000.00', '/storage/uploads/2024/01/03/product-05.jpg', 1, '2024-01-03 01:04:05', '2024-01-03 01:04:05'),
(31, 'Vintage Inspired Classic', 'Vintage Inspired Classic', '<p><a href=\"http://localhost/shopbanhangkhoapham/public/product-detail.html\">Vintage Inspired Classic</a></p>', 5, '500000.00', '460000.00', '/storage/uploads/2024/01/03/product-06.jpg', 1, '2024-01-03 01:06:05', '2024-01-03 01:06:05'),
(32, 'Giầy Cao Cổ', 'Giầy Cao Cổ', '<p>Giầy Cao Cổ</p>', 1, '400000.00', '340000.00', '/storage/uploads/2024/01/03/product-09.jpg', 1, '2024-01-03 01:06:41', '2024-01-03 01:06:41'),
(33, 'Áo thun nam nhập khẩu từ nước ngoài', 'Áo thun nam nhập khẩu từ nước ngoài', '<p>&Aacute;o thun nam nhập khẩu từ nước ngo&agrave;i</p>', 1, '230000.00', '200000.00', '/storage/uploads/2023/12/21/1.jpg', 1, '2023-12-09 01:29:43', '2023-12-20 22:51:08'),
(34, 'Quần áo phong cách', 'Quần áo phong cách', '<p>Quần &aacute;o phong c&aacute;ch</p>', 1, '230000.00', '200000.00', '/storage/uploads/2024/01/03/product-01.jpg', 1, '2024-01-03 01:01:16', '2024-01-03 01:01:16'),
(35, 'Áo thun gì gì đó', 'Áo thun gì gì đó', '<p>&Aacute;o thun g&igrave; g&igrave; đ&oacute;</p>', 4, '200000.00', '150000.00', '/storage/uploads/2024/01/03/product-02.jpg', 1, '2024-01-03 01:01:51', '2024-01-03 01:01:51'),
(36, 'Sản phẩm giảm giá', 'Sản phẩm giảm giá', '<p>Sản phẩm giảm gi&aacute;</p>', 2, '230000.00', '190000.00', '/storage/uploads/2024/01/03/product-03.jpg', 1, '2024-01-03 01:02:20', '2024-01-03 01:02:20'),
(37, 'Quần short nam giá rẻ nhập khẩu', 'Quần short nam giá rẻ nhập khẩu', '<p>Quần short nam gi&aacute; rẻ nhập khẩu</p>', 3, '200000.00', '160000.00', '/storage/uploads/2024/01/03/product-04.jpg', 1, '2024-01-03 01:03:15', '2024-01-03 01:03:15'),
(38, 'Front Pocket Jumper', 'Front Pocket Jumper', '<p><a href=\"http://localhost/shopbanhangkhoapham/public/product-detail.html\">Front Pocket Jumper</a></p>', 1, '180000.00', '150000.00', '/storage/uploads/2024/01/03/product-05.jpg', 1, '2024-01-03 01:04:05', '2024-01-03 01:04:05'),
(39, 'Vintage Inspired Classic', 'Vintage Inspired Classic', '<p><a href=\"http://localhost/shopbanhangkhoapham/public/product-detail.html\">Vintage Inspired Classic</a></p>', 5, '500000.00', '460000.00', '/storage/uploads/2024/01/03/product-06.jpg', 1, '2024-01-03 01:06:05', '2024-01-03 01:06:05'),
(40, 'Giầy Cao Cổ', 'Giầy Cao Cổ', '<p>Giầy Cao Cổ</p>', 1, '400000.00', '340000.00', '/storage/uploads/2024/01/03/product-09.jpg', 1, '2024-01-03 01:06:41', '2024-01-03 01:06:41'),
(41, 'Áo thun nam nhập khẩu từ nước ngoài', 'Áo thun nam nhập khẩu từ nước ngoài', '<p>&Aacute;o thun nam nhập khẩu từ nước ngo&agrave;i</p>', 1, '230000.00', '200000.00', '/storage/uploads/2023/12/21/1.jpg', 1, '2023-12-09 01:29:43', '2023-12-20 22:51:08'),
(42, 'Quần áo phong cách', 'Quần áo phong cách', '<p>Quần &aacute;o phong c&aacute;ch</p>', 1, '230000.00', '200000.00', '/storage/uploads/2024/01/03/product-01.jpg', 1, '2024-01-03 01:01:16', '2024-01-03 01:01:16'),
(43, 'Áo thun gì gì đó', 'Áo thun gì gì đó', '<p>&Aacute;o thun g&igrave; g&igrave; đ&oacute;</p>', 4, '200000.00', '150000.00', '/storage/uploads/2024/01/03/product-02.jpg', 1, '2024-01-03 01:01:51', '2024-01-03 01:01:51'),
(44, 'Sản phẩm giảm giá', 'Sản phẩm giảm giá', '<p>Sản phẩm giảm gi&aacute;</p>', 2, '230000.00', '190000.00', '/storage/uploads/2024/01/03/product-03.jpg', 1, '2024-01-03 01:02:20', '2024-01-03 01:02:20'),
(45, 'Quần short nam giá rẻ nhập khẩu', 'Quần short nam giá rẻ nhập khẩu', '<p>Quần short nam gi&aacute; rẻ nhập khẩu</p>', 3, '200000.00', '160000.00', '/storage/uploads/2024/01/03/product-04.jpg', 1, '2024-01-03 01:03:15', '2024-01-03 01:03:15'),
(46, 'Front Pocket Jumper', 'Front Pocket Jumper', '<p><a href=\"http://localhost/shopbanhangkhoapham/public/product-detail.html\">Front Pocket Jumper</a></p>', 1, '180000.00', '150000.00', '/storage/uploads/2024/01/03/product-05.jpg', 1, '2024-01-03 01:04:05', '2024-01-03 01:04:05'),
(47, 'Vintage Inspired Classic', 'Vintage Inspired Classic', '<p><a href=\"http://localhost/shopbanhangkhoapham/public/product-detail.html\">Vintage Inspired Classic</a></p>', 5, '500000.00', '460000.00', '/storage/uploads/2024/01/03/product-06.jpg', 1, '2024-01-03 01:06:05', '2024-01-03 01:06:05'),
(48, 'Giầy Cao Cổ', 'Giầy Cao Cổ', '<p>Giầy Cao Cổ</p>', 1, '400000.00', '340000.00', '/storage/uploads/2024/01/03/product-09.jpg', 1, '2024-01-03 01:06:41', '2024-01-03 01:06:41'),
(49, 'Áo thun nam nhập khẩu từ nước ngoài', 'Áo thun nam nhập khẩu từ nước ngoài', '<p>&Aacute;o thun nam nhập khẩu từ nước ngo&agrave;i</p>', 1, '230000.00', '200000.00', '/storage/uploads/2023/12/21/1.jpg', 1, '2023-12-09 01:29:43', '2023-12-20 22:51:08'),
(50, 'Quần áo phong cách', 'Quần áo phong cách', '<p>Quần &aacute;o phong c&aacute;ch</p>', 1, '230000.00', '200000.00', '/storage/uploads/2024/01/03/product-01.jpg', 1, '2024-01-03 01:01:16', '2024-01-03 01:01:16'),
(51, 'Áo thun gì gì đó', 'Áo thun gì gì đó', '<p>&Aacute;o thun g&igrave; g&igrave; đ&oacute;</p>', 4, '200000.00', '150000.00', '/storage/uploads/2024/01/03/product-02.jpg', 1, '2024-01-03 01:01:51', '2024-01-03 01:01:51'),
(52, 'Sản phẩm giảm giá', 'Sản phẩm giảm giá', '<p>Sản phẩm giảm gi&aacute;</p>', 2, '230000.00', '190000.00', '/storage/uploads/2024/01/03/product-03.jpg', 1, '2024-01-03 01:02:20', '2024-01-03 01:02:20'),
(53, 'Quần short nam giá rẻ nhập khẩu', 'Quần short nam giá rẻ nhập khẩu', '<p>Quần short nam gi&aacute; rẻ nhập khẩu</p>', 3, '200000.00', '160000.00', '/storage/uploads/2024/01/03/product-04.jpg', 1, '2024-01-03 01:03:15', '2024-01-03 01:03:15'),
(54, 'Front Pocket Jumper', 'Front Pocket Jumper', '<p><a href=\"http://localhost/shopbanhangkhoapham/public/product-detail.html\">Front Pocket Jumper</a></p>', 1, '180000.00', '150000.00', '/storage/uploads/2024/01/03/product-05.jpg', 1, '2024-01-03 01:04:05', '2024-01-03 01:04:05'),
(55, 'Vintage Inspired Classic', 'Vintage Inspired Classic', '<p><a href=\"http://localhost/shopbanhangkhoapham/public/product-detail.html\">Vintage Inspired Classic</a></p>', 5, '500000.00', '460000.00', '/storage/uploads/2024/01/03/product-06.jpg', 1, '2024-01-03 01:06:05', '2024-01-03 01:06:05'),
(56, 'Giầy Cao Cổ', 'Giầy Cao Cổ', '<p>Giầy Cao Cổ</p>', 1, '400000.00', '340000.00', '/storage/uploads/2024/01/03/product-09.jpg', 1, '2024-01-03 01:06:41', '2024-01-03 01:06:41'),
(57, 'Áo thun nam nhập khẩu từ nước ngoài', 'Áo thun nam nhập khẩu từ nước ngoài', '<p>&Aacute;o thun nam nhập khẩu từ nước ngo&agrave;i</p>', 1, '230000.00', '200000.00', '/storage/uploads/2023/12/21/1.jpg', 1, '2023-12-09 01:29:43', '2023-12-20 22:51:08'),
(58, 'Quần áo phong cách', 'Quần áo phong cách', '<p>Quần &aacute;o phong c&aacute;ch</p>', 1, '230000.00', '200000.00', '/storage/uploads/2024/01/03/product-01.jpg', 1, '2024-01-03 01:01:16', '2024-01-03 01:01:16'),
(59, 'Áo thun gì gì đó', 'Áo thun gì gì đó', '<p>&Aacute;o thun g&igrave; g&igrave; đ&oacute;</p>', 4, '200000.00', '150000.00', '/storage/uploads/2024/01/03/product-02.jpg', 1, '2024-01-03 01:01:51', '2024-01-03 01:01:51'),
(60, 'Sản phẩm giảm giá', 'Sản phẩm giảm giá', '<p>Sản phẩm giảm gi&aacute;</p>', 2, '230000.00', '190000.00', '/storage/uploads/2024/01/03/product-03.jpg', 1, '2024-01-03 01:02:20', '2024-01-03 01:02:20'),
(61, 'Quần short nam giá rẻ nhập khẩu', 'Quần short nam giá rẻ nhập khẩu', '<p>Quần short nam gi&aacute; rẻ nhập khẩu</p>', 3, '200000.00', '160000.00', '/storage/uploads/2024/01/03/product-04.jpg', 1, '2024-01-03 01:03:15', '2024-01-03 01:03:15'),
(62, 'Front Pocket Jumper', 'Front Pocket Jumper', '<p><a href=\"http://localhost/shopbanhangkhoapham/public/product-detail.html\">Front Pocket Jumper</a></p>', 1, '180000.00', '150000.00', '/storage/uploads/2024/01/03/product-05.jpg', 1, '2024-01-03 01:04:05', '2024-01-03 01:04:05'),
(63, 'Vintage Inspired Classic', 'Vintage Inspired Classic', '<p><a href=\"http://localhost/shopbanhangkhoapham/public/product-detail.html\">Vintage Inspired Classic</a></p>', 5, '500000.00', '460000.00', '/storage/uploads/2024/01/03/product-06.jpg', 1, '2024-01-03 01:06:05', '2024-01-03 01:06:05'),
(64, 'Giầy Cao Cổ', 'Giầy Cao Cổ', '<p>Giầy Cao Cổ</p>', 1, '400000.00', '340000.00', '/storage/uploads/2024/01/03/product-09.jpg', 1, '2024-01-03 01:06:41', '2024-01-03 01:06:41');

-- --------------------------------------------------------

--
-- Cấu trúc bảng cho bảng `sliders`
--

CREATE TABLE `sliders` (
  `id` bigint(20) UNSIGNED NOT NULL,
  `name` varchar(255) NOT NULL,
  `url` varchar(255) DEFAULT NULL,
  `thumb` varchar(255) NOT NULL,
  `sort_by` int(11) NOT NULL,
  `active` int(11) NOT NULL,
  `created_at` timestamp NULL DEFAULT NULL,
  `updated_at` timestamp NULL DEFAULT NULL
) ENGINE=InnoDB DEFAULT CHARSET=utf8mb4 COLLATE=utf8mb4_unicode_ci;

--
-- Đang đổ dữ liệu cho bảng `sliders`
--

INSERT INTO `sliders` (`id`, `name`, `url`, `thumb`, `sort_by`, `active`, `created_at`, `updated_at`) VALUES
(5, 'Nước Hoa Nam', '#', '/storage/uploads/2024/01/02/slide-01.jpg', 1, 1, '2024-01-02 08:24:10', '2024-01-02 08:24:10'),
(6, 'Áo thun nam', '#', '/storage/uploads/2024/01/02/slide-02.jpg', 1, 1, '2024-01-02 08:24:31', '2024-01-02 08:24:31'),
(7, 'Quần bò nam', '#', '/storage/uploads/2024/01/02/slide-03.jpg', 1, 1, '2024-01-02 08:24:46', '2024-01-02 08:24:46');

-- --------------------------------------------------------

--
-- Cấu trúc bảng cho bảng `users`
--

CREATE TABLE `users` (
  `id` bigint(20) UNSIGNED NOT NULL,
  `name` varchar(255) NOT NULL,
  `email` varchar(255) NOT NULL,
  `email_verified_at` timestamp NULL DEFAULT NULL,
  `password` varchar(255) NOT NULL,
  `remember_token` varchar(100) DEFAULT NULL,
  `created_at` timestamp NULL DEFAULT NULL,
  `updated_at` timestamp NULL DEFAULT NULL
) ENGINE=InnoDB DEFAULT CHARSET=utf8mb4 COLLATE=utf8mb4_unicode_ci;

--
-- Đang đổ dữ liệu cho bảng `users`
--

INSERT INTO `users` (`id`, `name`, `email`, `email_verified_at`, `password`, `remember_token`, `created_at`, `updated_at`) VALUES
(1, 'admin', 'admin@gmail.com', NULL, '$2y$12$Nfgfy6LkMK3gyZhS8U/s9eLUNJ/SfPUd7/7t1l1qRqiDIuN.0mv5e', NULL, '2023-11-30 16:14:53', '2023-11-30 16:14:53');

--
-- Chỉ mục cho các bảng đã đổ
--

--
-- Chỉ mục cho bảng `carts`
--
ALTER TABLE `carts`
  ADD PRIMARY KEY (`id`),
  ADD KEY `carts_customer_id_foreign` (`customer_id`);

--
-- Chỉ mục cho bảng `comments`
--
ALTER TABLE `comments`
  ADD PRIMARY KEY (`id`);

--
-- Chỉ mục cho bảng `customers`
--
ALTER TABLE `customers`
  ADD PRIMARY KEY (`id`);

--
-- Chỉ mục cho bảng `failed_jobs`
--
ALTER TABLE `failed_jobs`
  ADD PRIMARY KEY (`id`),
  ADD UNIQUE KEY `failed_jobs_uuid_unique` (`uuid`);

--
-- Chỉ mục cho bảng `jobs`
--
ALTER TABLE `jobs`
  ADD PRIMARY KEY (`id`),
  ADD KEY `jobs_queue_index` (`queue`);

--
-- Chỉ mục cho bảng `menus`
--
ALTER TABLE `menus`
  ADD PRIMARY KEY (`id`),
  ADD UNIQUE KEY `menus_slug_unique` (`slug`);

--
-- Chỉ mục cho bảng `migrations`
--
ALTER TABLE `migrations`
  ADD PRIMARY KEY (`id`);

--
-- Chỉ mục cho bảng `password_reset_tokens`
--
ALTER TABLE `password_reset_tokens`
  ADD PRIMARY KEY (`email`);

--
-- Chỉ mục cho bảng `personal_access_tokens`
--
ALTER TABLE `personal_access_tokens`
  ADD PRIMARY KEY (`id`),
  ADD UNIQUE KEY `personal_access_tokens_token_unique` (`token`),
  ADD KEY `personal_access_tokens_tokenable_type_tokenable_id_index` (`tokenable_type`,`tokenable_id`);

--
-- Chỉ mục cho bảng `products`
--
ALTER TABLE `products`
  ADD PRIMARY KEY (`id`),
  ADD KEY `products_menu_id_foreign` (`menu_id`);

--
-- Chỉ mục cho bảng `sliders`
--
ALTER TABLE `sliders`
  ADD PRIMARY KEY (`id`);

--
-- Chỉ mục cho bảng `users`
--
ALTER TABLE `users`
  ADD PRIMARY KEY (`id`),
  ADD UNIQUE KEY `users_email_unique` (`email`);

--
-- AUTO_INCREMENT cho các bảng đã đổ
--

--
-- AUTO_INCREMENT cho bảng `carts`
--
ALTER TABLE `carts`
  MODIFY `id` bigint(20) UNSIGNED NOT NULL AUTO_INCREMENT, AUTO_INCREMENT=23;

--
-- AUTO_INCREMENT cho bảng `comments`
--
ALTER TABLE `comments`
  MODIFY `id` bigint(20) UNSIGNED NOT NULL AUTO_INCREMENT, AUTO_INCREMENT=9;

--
-- AUTO_INCREMENT cho bảng `customers`
--
ALTER TABLE `customers`
  MODIFY `id` bigint(20) UNSIGNED NOT NULL AUTO_INCREMENT, AUTO_INCREMENT=18;

--
-- AUTO_INCREMENT cho bảng `failed_jobs`
--
ALTER TABLE `failed_jobs`
  MODIFY `id` bigint(20) UNSIGNED NOT NULL AUTO_INCREMENT, AUTO_INCREMENT=8;

--
-- AUTO_INCREMENT cho bảng `jobs`
--
ALTER TABLE `jobs`
  MODIFY `id` bigint(20) UNSIGNED NOT NULL AUTO_INCREMENT, AUTO_INCREMENT=13;

--
-- AUTO_INCREMENT cho bảng `menus`
--
ALTER TABLE `menus`
  MODIFY `id` bigint(20) UNSIGNED NOT NULL AUTO_INCREMENT, AUTO_INCREMENT=7;

--
-- AUTO_INCREMENT cho bảng `migrations`
--
ALTER TABLE `migrations`
  MODIFY `id` int(10) UNSIGNED NOT NULL AUTO_INCREMENT, AUTO_INCREMENT=21;

--
-- AUTO_INCREMENT cho bảng `personal_access_tokens`
--
ALTER TABLE `personal_access_tokens`
  MODIFY `id` bigint(20) UNSIGNED NOT NULL AUTO_INCREMENT;

--
-- AUTO_INCREMENT cho bảng `products`
--
ALTER TABLE `products`
  MODIFY `id` bigint(20) UNSIGNED NOT NULL AUTO_INCREMENT, AUTO_INCREMENT=65;

--
-- AUTO_INCREMENT cho bảng `sliders`
--
ALTER TABLE `sliders`
  MODIFY `id` bigint(20) UNSIGNED NOT NULL AUTO_INCREMENT, AUTO_INCREMENT=8;

--
-- AUTO_INCREMENT cho bảng `users`
--
ALTER TABLE `users`
  MODIFY `id` bigint(20) UNSIGNED NOT NULL AUTO_INCREMENT, AUTO_INCREMENT=2;

--
-- Các ràng buộc cho các bảng đã đổ
--

--
-- Các ràng buộc cho bảng `carts`
--
ALTER TABLE `carts`
  ADD CONSTRAINT `carts_customer_id_foreign` FOREIGN KEY (`customer_id`) REFERENCES `customers` (`id`) ON DELETE CASCADE;

--
-- Các ràng buộc cho bảng `products`
--
ALTER TABLE `products`
  ADD CONSTRAINT `products_menu_id_foreign` FOREIGN KEY (`menu_id`) REFERENCES `menus` (`id`);
COMMIT;

/*!40101 SET CHARACTER_SET_CLIENT=@OLD_CHARACTER_SET_CLIENT */;
/*!40101 SET CHARACTER_SET_RESULTS=@OLD_CHARACTER_SET_RESULTS */;
/*!40101 SET COLLATION_CONNECTION=@OLD_COLLATION_CONNECTION */;
